Date,Country,Estimated earnings (USD),Page views,Page RPM (USD),Impressions,Impression RPM (USD),Active View Viewable,Clicks,CTR,CPC (USD),Average Viewable Time,Page CTR,Ad request RPM (USD)
2026-02-06,美国,0.18,28,6.52,131,1.39,0.5191,0,0,,19.6044,0,1.01
2026-01-28,美国,0.16,37,4.38,129,1.26,0.5271,1,0.0078,0.16,18.5772,0.027,0.81
2026-01-29,美国,0.16,60,2.67,222,0.72,0.5092,1,0.0045,0.16,34.8906,0.0167,0.52
2026-01-27,美国,0.15,42,3.53,109,1.36,0.5138,1,0.0092,0.15,29.2055,0.0238,0.78
2026-01-14,美国,0.13,53,2.52,185,0.72,0.5978,2,0.0108,0.07,42.5503,0.0377,0.44
2026-01-31,美国,0.13,37,3.55,123,1.07,0.5935,0,0,,37.6084,0,0.70
2026-02-04,美国,0.13,37,3.53,157,0.83,0.6644,3,0.0191,0.04,31.5524,0.0811,0.57
2026-01-12,美国,0.12,42,2.94,144,0.86,0.5,1,0.0069,0.12,19.3302,0.0238,0.65
2026-02-01,美国,0.11,57,2.00,192,0.59,0.4684,0,0,,14.7859,0,0.38
2026-01-19,美国,0.10,35,2.76,83,1.17,0.6988,0,0,,42.1233,0,0.65
2026-01-23,美国,0.10,32,2.98,112,0.85,0.5268,0,0,,46.241,0,0.55
2026-02-03,美国,0.10,46,2.14,125,0.79,0.5702,1,0.008,0.10,16.3238,0.0217,0.41
2026-01-30,美国,0.09,40,2.13,116,0.73,0.4957,0,0,,27.9313,0,0.46
2026-02-06,英国,0.09,14,6.40,67,1.34,0.6567,2,0.0299,0.04,39.3295,0.1429,1.00
2026-01-13,美国,0.08,40,2.00,136,0.59,0.4779,1,0.0074,0.08,32.3042,0.025,0.34
2026-01-20,美国,0.08,38,2.20,118,0.71,0.4569,0,0,,51.9061,0,0.41
2026-01-25,美国,0.08,24,3.19,86,0.89,0.5581,0,0,,36.6172,0,0.64
2026-01-26,美国,0.08,21,3.90,77,1.06,0.5844,0,0,,52.5056,0,0.78
2026-02-07,美国,0.08,25,3.40,109,0.78,0.5413,0,0,,46.386,0,0.54
2026-01-13,英国,0.07,32,2.22,89,0.80,0.7753,0,0,,30.7414,0,0.34
2026-01-16,美国,0.07,50,1.33,127,0.52,0.6614,1,0.0079,0.07,35.2952,0.02,0.28
2026-01-17,加拿大,0.07,8,8.16,34,1.92,0.5,0,0,,20.5186,0,1.52
2026-01-21,美国,0.07,40,1.80,134,0.54,0.6194,0,0,,57.5177,0,0.34
2026-01-24,美国,0.07,23,3.16,89,0.82,0.4886,0,0,,21.0123,0,0.55
2026-01-09,美国,0.06,24,2.33,81,0.69,0.6173,0,0,,30.2139,0,0.48
2026-01-10,美国,0.06,23,2.41,72,0.77,0.625,2,0.0278,0.03,24.4056,0.087,0.59
2026-01-12,瑞士,0.06,15,3.67,59,0.93,0.3898,0,0,,24.325,0,0.69
2026-01-17,美国,0.06,22,2.63,66,0.88,0.5606,0,0,,11.5315,0,0.55
2026-01-22,美国,0.06,27,2.12,79,0.73,0.5443,0,0,,23.0139,0,0.38
2026-01-23,德国,0.06,26,2.49,117,0.55,0.4444,0,0,,29.251,0,0.43
2026-01-27,德国,0.06,20,3.05,63,0.97,0.6032,0,0,,18.1779,0,0.69
2026-02-02,美国,0.06,84,0.77,403,0.16,0.3683,0,0,,10.6576,0,0.10
2026-02-05,美国,0.06,22,2.50,76,0.72,0.4306,0,0,,10.9969,0,0.42
2026-01-22,德国,0.05,19,2.73,75,0.69,0.48,1,0.0133,0.05,48.8275,0.0526,0.55
2026-02-05,英国,0.05,11,4.37,37,1.30,0.4324,1,0.027,0.05,51.1813,0.0909,0.86
2026-02-06,德国,0.05,20,2.63,103,0.51,0.5243,0,0,,52.684,0,0.36
2026-01-11,美国,0.04,23,1.94,58,0.77,0.614,1,0.0172,0.04,36.1171,0.0435,0.43
2026-01-15,美国,0.04,52,0.80,137,0.30,0.6328,0,0,,48.6004,0,0.14
2026-02-07,英国,0.04,11,3.29,30,1.20,0.4667,0,0,,6.2176,0,0.75
2026-01-09,英国,0.03,11,3.01,44,0.75,0.7045,0,0,,35.5936,0,0.53
2026-01-11,阿拉伯联合酋长国,0.03,3,10.69,8,4.01,0.75,0,0,,13.6555,0,1.89
2026-01-12,加拿大,0.03,14,2.21,64,0.48,0.4688,0,0,,100.6841,0,0.37
2026-01-16,加拿大,0.03,10,2.66,50,0.53,0.52,0,0,,11.8744,0,0.42
2026-01-18,英国,0.03,4,6.31,15,1.68,0.7333,0,0,,60.5664,0,1.26
2026-01-18,美国,0.03,18,1.40,47,0.53,0.5532,1,0.0213,0.03,24.467,0.0556,0.27
2026-01-21,英国,0.03,11,2.59,45,0.63,0.4222,0,0,,10.2657,0,0.51
2026-01-26,德国,0.03,14,2.29,73,0.44,0.5616,0,0,,35.4633,0,0.35
2026-01-28,德国,0.03,19,1.59,87,0.35,0.5172,0,0,,44.6531,0,0.28
2026-01-30,英国,0.03,14,2.05,45,0.64,0.4444,0,0,,25.2871,0,0.36
2026-02-02,英国,0.03,10,2.87,43,0.67,0.4419,0,0,,47.1539,0,0.52
2026-02-02,法国,0.03,4,6.36,26,0.98,0.5217,0,0,,33.4291,0,0.91
2026-02-04,西班牙,0.03,13,2.23,57,0.51,0.5536,1,0.0175,0.03,26.0095,0.0769,0.38
2026-02-04,德国,0.03,11,2.43,30,0.89,0.4483,0,0,,91.7055,0,0.70
2026-02-04,英国,0.03,17,1.49,37,0.69,0.6216,2,0.0541,0.01,30.1565,0.1176,0.31
2026-02-05,德国,0.03,22,1.53,119,0.28,0.6134,0,0,,61.4433,0,0.23
2026-02-07,瑞士,0.03,4,7.20,24,1.20,0.4583,1,0.0417,0.03,15.3112,0.25,1.20
2026-01-10,以色列,0.02,1,15.25,6,2.54,0.3333,0,0,,17.168,0,2.54
2026-01-12,英国,0.02,5,3.86,25,0.77,0.56,0,0,,15.2816,0,0.54
2026-01-13,智利,0.02,7,3.48,9,2.70,0.5556,0,0,,7.7297,0,0.87
2026-01-13,加拿大,0.02,9,2.47,39,0.57,0.4359,0,0,,10.9282,0,0.45
2026-01-14,德国,0.02,16,1.52,76,0.32,0.5789,1,0.0132,0.02,35.1764,0.0625,0.24
2026-01-15,加拿大,0.02,7,2.46,22,0.78,0.6364,0,0,,37.5919,0,0.51
2026-01-15,德国,0.02,13,1.25,55,0.30,0.3818,0,0,,52.2881,0,0.22
2026-01-16,澳大利亚,0.02,4,4.86,11,1.77,0.0909,0,0,,11.33,0,1.30
2026-01-19,德国,0.02,12,1.77,45,0.47,0.4773,0,0,,78.5916,0,0.35
2026-01-19,西班牙,0.02,7,2.17,27,0.56,0.3846,0,0,,134.951,0,0.46
2026-01-20,英国,0.02,7,2.41,19,0.89,0.5789,0,0,,8.3944,0,0.44
2026-01-21,加拿大,0.02,4,5.53,19,1.16,0.7895,0,0,,33.5232,0,0.76
2026-01-22,巴西,0.02,5,4.09,22,0.93,0.3636,0,0,,129.637,0,0.71
2026-01-22,英国,0.02,7,2.78,25,0.78,0.4,0,0,,50.6651,0,0.59
2026-01-22,加拿大,0.02,9,2.00,41,0.44,0.4878,0,0,,32.2607,0,0.34
2026-01-23,西班牙,0.02,9,2.08,44,0.43,0.6136,0,0,,16.1661,0,0.30
2026-01-23,丹麦,0.02,5,3.25,17,0.96,0.5882,0,0,,4.8482,0,0.68
2026-01-23,英国,0.02,5,3.00,28,0.54,0.3929,0,0,,9.5694,0,0.41
2026-01-24,英国,0.02,5,4.89,22,1.11,0.5,0,0,,6.2827,0,0.91
2026-01-24,澳大利亚,0.02,2,10.65,13,1.64,0.4615,0,0,,18.615,0,1.64
2026-01-24,德国,0.02,10,1.97,36,0.55,0.5278,0,0,,14.1318,0,0.43
2026-01-25,德国,0.02,11,2.27,58,0.43,0.4483,0,0,,14.1275,0,0.38
2026-01-25,印度,0.02,12,1.63,40,0.49,0.525,2,0.05,0.01,21.5231,0.1667,0.28
2026-01-25,澳大利亚,0.02,6,3.09,23,0.81,0.5217,0,0,,10.9631,0,0.62
2026-01-25,阿拉伯联合酋长国,0.02,4,4.51,10,1.80,0.3333,0,0,,25.1627,0,0.90
2026-01-25,墨西哥,0.02,16,1.05,51,0.33,0.4902,0,0,,46.6862,0,0.23
2026-01-28,加拿大,0.02,5,4.91,21,1.17,0.7619,0,0,,11.4308,0,0.70
2026-01-28,澳大利亚,0.02,6,3.83,19,1.21,0.5263,0,0,,16.3709,0,0.77
2026-01-28,西班牙,0.02,15,1.41,57,0.37,0.4561,1,0.0175,0.02,23.0213,0.0667,0.30
2026-01-29,德国,0.02,14,1.40,41,0.48,0.6667,0,0,,55.5004,0,0.30
2026-01-29,奥地利,0.02,4,4.12,14,1.18,0.5714,0,0,,29.4124,0,0.78
2026-01-30,德国,0.02,14,1.10,60,0.26,0.6333,0,0,,31.1546,0,0.17
2026-02-03,捷克,0.02,4,5.04,6,3.36,0.6667,1,0.1667,0.02,55.733,0.25,2.24
2026-02-03,印度,0.02,37,0.48,75,0.24,0.8378,0,0,,27.4913,0,0.09
2026-02-03,克罗地亚,0.02,2,7.66,14,1.09,0.4286,0,0,,,0,1.09
2026-02-04,阿拉伯联合酋长国,0.02,8,2.55,18,1.13,0.6111,0,0,,15.2704,0,0.50
2026-02-04,斯洛伐克,0.02,3,5.95,16,1.12,0.4375,0,0,,4.308,0,0.99
2026-02-05,加拿大,0.02,7,2.64,28,0.66,0.4643,0,0,,78.2498,0,0.43
2026-02-05,西班牙,0.02,13,1.27,64,0.26,0.5156,0,0,,20.1013,0,0.20
2026-02-06,阿拉伯联合酋长国,0.02,13,1.22,20,0.79,0.75,0,0,,14.4262,0,0.21
2026-02-06,印度,0.02,33,0.46,52,0.29,0.6923,0,0,,14.8072,0,0.07
2026-02-07,德国,0.02,7,2.32,33,0.49,0.4848,0,0,,8.3522,0,0.38
2026-01-09,德国,0.01,4,2.38,12,0.79,0.3333,0,0,,53.4873,0,0.48
2026-01-09,中国,0.01,54,0.13,51,0.14,0.902,0,0,,28.0545,0,0.03
2026-01-09,法国,0.01,4,1.75,18,0.39,0.7222,0,0,,70.4107,0,0.29
2026-01-10,爱尔兰,0.01,2,7.25,7,2.07,0.2857,0,0,,2.427,0,1.04
2026-01-10,加拿大,0.01,5,2.67,25,0.53,0.6,0,0,,49.2803,0,0.46
2026-01-10,德国,0.01,8,1.11,31,0.29,0.4194,0,0,,22.3314,0,0.23
2026-01-10,意大利,0.01,3,2.88,19,0.45,0.5789,0,0,,11.358,0,0.41
2026-01-10,中国,0.01,47,0.17,47,0.17,0.9787,1,0.0213,0.01,38.537,0.0213,0.04
2026-01-10,英国,0.01,3,2.17,9,0.72,0.6667,0,0,,43.0508,0,0.46
2026-01-11,中国,0.01,30,0.45,23,0.58,0.8261,0,0,,52.1258,0,0.11
2026-01-11,澳大利亚,0.01,4,3.32,15,0.88,0.5333,0,0,,10.5214,0,0.70
2026-01-11,韩国,0.01,1,8.29,4,2.07,0.75,0,0,,,0,1.66
2026-01-11,英国,0.01,5,1.66,17,0.49,0.5294,0,0,,40.8012,0,0.35
2026-01-11,西班牙,0.01,6,1.32,20,0.40,0.45,0,0,,76.0687,0,0.23
2026-01-11,新加坡,0.01,3,2.48,11,0.68,0.4545,0,0,,13.1984,0,0.39
2026-01-12,西班牙,0.01,10,1.21,46,0.26,0.587,0,0,,41.3657,0,0.20
2026-01-12,香港,0.01,5,2.21,12,0.92,0.6667,0,0,,15.8495,0,0.37
2026-01-12,波兰,0.01,7,1.34,38,0.25,0.4211,0,0,,48.1114,0,0.20
2026-01-12,德国,0.01,10,0.72,53,0.14,0.4717,0,0,,66.749,0,0.12
2026-01-12,澳大利亚,0.01,4,1.46,10,0.58,0.4,0,0,,,0,0.42
2026-01-12,乌克兰,0.01,3,1.78,11,0.49,0.3636,0,0,,6.5825,0,0.27
2026-01-12,印度,0.01,19,0.28,42,0.12,0.6667,0,0,,28.3902,0,0.05
2026-01-12,罗马尼亚,0.01,2,2.52,5,1.01,0.2,0,0,,1.063,0,1.01
2026-01-13,匈牙利,0.01,5,2.01,26,0.39,0.6154,1,0.0385,0.01,35.5569,0.2,0.29
2026-01-13,爱尔兰,0.01,4,2.25,15,0.60,0.5333,1,0.0667,0.01,7.629,0.25,0.36
2026-01-13,阿根廷,0.01,3,2.52,6,1.26,0.8333,0,0,,3.9562,0,0.33
2026-01-14,西班牙,0.01,6,1.79,27,0.40,0.6667,1,0.037,0.01,110.0716,0.1667,0.28
2026-01-14,中国,0.01,56,0.19,51,0.21,0.7843,2,0.0392,0.01,23.6457,0.0357,0.04
2026-01-14,瑞士,0.01,4,1.95,17,0.46,0.5294,0,0,,66.3118,0,0.30
2026-01-14,孟加拉国,0.01,9,0.71,9,0.71,0,0,0,,,0,0.13
2026-01-15,台湾,0.01,4,2.17,5,1.74,1,1,0.2,0.01,24.4532,0.25,0.79
2026-01-15,英国,0.01,11,0.54,34,0.18,0.7059,0,0,,57.6975,0,0.09
2026-01-15,荷兰,0.01,1,5.07,8,0.63,0.375,0,0,,4.5953,0,0.56
2026-01-16,德国,0.01,10,1.37,44,0.31,0.5682,0,0,,33.5453,0,0.22
2026-01-16,中国,0.01,40,0.32,62,0.21,0.7742,1,0.0161,0.01,19.4762,0.025,0.07
2026-01-16,西班牙,0.01,13,0.64,50,0.17,0.56,0,0,,13.405,0,0.11
2026-01-16,南非,0.01,5,1.65,22,0.38,0.5,0,0,,10.2083,0,0.28
2026-01-16,沙特阿拉伯,0.01,9,0.60,24,0.23,0.4167,0,0,,14.0106,0,0.14
2026-01-17,中国,0.01,52,0.29,75,0.20,0.72,0,0,,51.9835,0,0.06
2026-01-17,澳大利亚,0.01,9,1.55,26,0.54,0.5769,0,0,,20.1037,0,0.33
2026-01-17,奥地利,0.01,1,5.12,8,0.64,0.625,0,0,,,0,0.64
2026-01-18,加拿大,0.01,9,0.88,28,0.28,0.6071,0,0,,48.1615,0,0.21
2026-01-18,巴西,0.01,5,1.31,21,0.31,0.4737,0,0,,10.6452,0,0.24
2026-01-18,阿拉伯联合酋长国,0.01,1,5.97,6,0.99,0.6667,0,0,,,0,0.99
2026-01-18,沙特阿拉伯,0.01,2,2.96,9,0.66,0.8889,0,0,,77.6089,0,0.37
2026-01-18,澳大利亚,0.01,1,5.49,2,2.74,1,0,0,,62.9835,0,2.74
2026-01-18,芬兰,0.01,3,1.81,4,1.36,1,0,0,,16.3278,0,0.42
2026-01-19,英国,0.01,8,1.64,9,1.46,0.4444,0,0,,5.8863,0,0.55
2026-01-19,澳大利亚,0.01,3,4.07,9,1.36,0.8889,0,0,,41.7455,0,0.81
2026-01-19,印度,0.01,29,0.24,41,0.17,0.6829,0,0,,24.234,0,0.05
2026-01-19,中国,0.01,60,0.11,49,0.14,0.7959,0,0,,27.4733,0,0.02
2026-01-19,保加利亚,0.01,2,3.34,8,0.84,0.75,0,0,,44.3813,0,0.42
2026-01-19,哥伦比亚,0.01,4,1.46,18,0.32,0.7778,0,0,,85.3453,0,0.23
2026-01-19,阿根廷,0.01,7,0.80,12,0.46,0.25,0,0,,10.09,0,0.16
2026-01-19,荷兰,0.01,3,1.80,9,0.60,0.5556,0,0,,49.6345,0,0.28
2026-01-20,德国,0.01,11,1.20,41,0.32,0.7073,0,0,,17.4786,0,0.21
2026-01-20,荷兰,0.01,3,4.19,15,0.84,0.5333,0,0,,6.2996,0,0.78
2026-01-20,斯洛伐克,0.01,6,1.85,22,0.50,0.7619,0,0,,17.6915,0,0.31
2026-01-20,法国,0.01,2,5.52,8,1.38,0.5,0,0,,87.1822,0,1.10
2026-01-20,中国,0.01,57,0.19,63,0.17,0.873,1,0.0159,0.01,37.9936,0.0175,0.04
2026-01-20,泰国,0.01,8,1.19,11,0.87,0.6364,0,0,,17.6307,0,0.37
2026-01-20,巴西,0.01,3,2.86,11,0.78,0.7273,0,0,,15.0947,0,0.57
2026-01-20,墨西哥,0.01,5,1.71,15,0.57,0.6,0,0,,14.5032,0,0.36
2026-01-20,西班牙,0.01,15,0.53,38,0.21,0.7105,1,0.0263,0.01,34.5455,0.0667,0.11
2026-01-20,印度,0.01,27,0.23,42,0.15,0.7619,0,0,,23.2986,0,0.05
2026-01-20,乌克兰,0.01,3,2.07,14,0.44,0.6429,0,0,,11.8772,0,0.31
2026-01-20,沙特阿拉伯,0.01,2,2.96,5,1.18,0.6,0,0,,,0,0.74
2026-01-20,加拿大,0.01,3,1.93,15,0.39,0.2,0,0,,3.7657,0,0.28
2026-01-21,阿根廷,0.01,5,2.18,8,1.36,0.75,0,0,,99.4035,0,0.42
2026-01-21,香港,0.01,3,3.54,12,0.89,0.5556,0,0,,72.1505,0,0.66
2026-01-21,墨西哥,0.01,11,0.79,44,0.20,0.5455,0,0,,32.0141,0,0.13
2026-01-21,中国,0.01,26,0.28,39,0.18,0.8462,0,0,,26.6656,0,0.05
2026-01-21,巴西,0.01,4,1.49,6,1.00,0.5,0,0,,25.2077,0,0.54
2026-01-21,德国,0.01,7,0.79,19,0.29,0.7895,0,0,,70.9562,0,0.17
2026-01-21,西班牙,0.01,11,0.50,24,0.23,0.4348,2,0.0833,0.00,22.4907,0.1818,0.11
2026-01-21,印度,0.01,24,0.23,43,0.13,0.7674,0,0,,19.3488,0,0.04
2026-01-21,加纳,0.01,1,5.20,3,1.73,0.3333,1,0.3333,0.01,8.605,1,1.30
2026-01-22,奥地利,0.01,5,2.67,19,0.70,0.5263,1,0.0526,0.01,76.1866,0.2,0.53
2026-01-22,西班牙,0.01,6,1.84,21,0.53,0.7619,0,0,,73.5871,0,0.30
2026-01-22,澳大利亚,0.01,4,1.42,11,0.52,0.4545,0,0,,5.1435,0,0.32
2026-01-22,菲律宾,0.01,7,0.81,24,0.24,0.6957,0,0,,18.7925,0,0.15
2026-01-22,印度,0.01,30,0.18,33,0.16,0.7576,0,0,,15.9628,0,0.04
2026-01-22,蒙古,0.01,8,0.67,9,0.59,1,0,0,,4,0,0.14
2026-01-23,加拿大,0.01,5,2.29,13,0.88,0.6154,0,0,,10.5116,0,0.42
2026-01-23,罗马尼亚,0.01,4,2.08,19,0.44,0,0,0,,,0,0.31
2026-01-23,印度,0.01,21,0.33,46,0.15,0.8696,0,0,,19.3737,0,0.06
2026-01-23,智利,0.01,1,5.61,6,0.93,0.6667,0,0,,,0,0.93
2026-01-24,加拿大,0.01,2,4.97,6,1.66,0.5,0,0,,,0,0.83
2026-01-24,比利时,0.01,2,3.89,7,1.11,0.4286,0,0,,,0,0.86
2026-01-24,巴西,0.01,3,2.47,21,0.35,0.4286,0,0,,31.3787,0,0.34
2026-01-24,葡萄牙,0.01,7,0.98,24,0.28,0.3333,0,0,,4.0625,0,0.19
2026-01-24,瑞典,0.01,4,1.59,13,0.49,0.9231,0,0,,11.518,0,0.35
2026-01-24,印度,0.01,19,0.31,27,0.22,0.7778,2,0.0741,0.00,20.2711,0.1053,0.06
2026-01-25,爱尔兰,0.01,1,7.72,5,1.54,0.4,0,0,,,0,1.10
2026-01-25,泰国,0.01,2,2.75,7,0.79,0.5714,0,0,,180,0,0.42
2026-01-25,波斯尼亚和黑塞哥维那,0.01,1,5.42,4,1.36,1,0,0,,2.8817,0,0.90
2026-01-25,马来西亚,0.01,17,0.32,39,0.14,0.5526,0,0,,5.9193,0,0.07
2026-01-26,韩国,0.01,4,3.58,16,0.89,0.3846,0,0,,5.0376,0,0.60
2026-01-26,南非,0.01,3,3.93,6,1.96,0.3333,0,0,,5.7295,0,0.91
2026-01-26,香港,0.01,7,1.48,20,0.52,0.45,0,0,,63.6425,0,0.26
2026-01-26,印度,0.01,32,0.28,48,0.19,0.7083,0,0,,12.3862,0,0.05
2026-01-26,中国,0.01,38,0.22,40,0.21,0.775,0,0,,17.9804,0,0.03
2026-01-26,西班牙,0.01,6,1.34,23,0.35,0.6957,0,0,,31.0876,0,0.29
2026-01-26,波兰,0.01,3,2.65,8,0.99,1,0,0,,39.2212,0,0.50
2026-01-26,英国,0.01,5,1.25,12,0.52,0.75,0,0,,31.614,0,0.26
2026-01-26,法国,0.01,7,0.83,21,0.28,0.5714,0,0,,33.209,0,0.15
2026-01-27,波兰,0.01,10,1.36,41,0.33,0.4211,0,0,,16.596,0,0.23
2026-01-27,中国,0.01,50,0.22,66,0.17,0.7727,0,0,,74.3897,0,0.04
2026-01-27,马来西亚,0.01,16,0.62,40,0.25,0.3889,0,0,,15.0015,0,0.10
2026-01-27,英国,0.01,7,1.37,23,0.42,0.7391,0,0,,66.6761,0,0.25
2026-01-27,澳大利亚,0.01,7,1.27,22,0.40,0.5,0,0,,4.1684,0,0.25
2026-01-27,西班牙,0.01,13,0.62,41,0.20,0.5854,1,0.0244,0.01,42.7802,0.0769,0.11
2026-01-27,阿拉伯联合酋长国,0.01,5,1.61,14,0.57,0.7857,0,0,,6.943,0,0.40
2026-01-27,印度,0.01,38,0.20,68,0.11,0.7353,1,0.0147,0.01,13.032,0.0263,0.04
2026-01-27,爱尔兰,0.01,5,1.42,23,0.31,0.4783,0,0,,4.1961,0,0.28
2026-01-27,印度尼西亚,0.01,19,0.36,33,0.21,0.625,1,0.0303,0.01,12.3063,0.0526,0.06
2026-01-27,丹麦,0.01,1,5.26,7,0.75,0.4286,0,0,,8.406,0,0.66
2026-01-27,葡萄牙,0.01,4,1.27,20,0.25,0.3,0,0,,11.6393,0,0.19
2026-01-28,英国,0.01,8,1.77,34,0.42,0.4706,0,0,,49.3353,0,0.32
2026-01-28,葡萄牙,0.01,3,4.58,5,2.75,0.4,0,0,,50.367,0,1.25
2026-01-28,墨西哥,0.01,11,0.82,31,0.29,0.5484,0,0,,11.0329,0,0.15
2026-01-28,中国,0.01,44,0.18,63,0.13,0.8571,0,0,,39.0576,0,0.03
2026-01-28,挪威,0.01,3,2.43,21,0.35,0.6667,0,0,,8.116,0,0.32
2026-01-28,智利,0.01,3,2.03,8,0.76,0.875,0,0,,45.4797,0,0.34
2026-01-28,以色列,0.01,5,1.11,16,0.35,0.5625,0,0,,30.821,0,0.22
2026-01-29,西班牙,0.01,7,2.00,29,0.48,0.6897,0,0,,17.6086,0,0.31
2026-01-29,英国,0.01,8,1.37,27,0.41,0.6296,0,0,,12.0785,0,0.23
2026-01-29,葡萄牙,0.01,7,1.12,25,0.31,0.76,0,0,,22.6388,0,0.18
2026-01-29,阿拉伯联合酋长国,0.01,6,1.15,9,0.76,0.5556,0,0,,26.9923,0,0.27
2026-01-29,比利时,0.01,3,2.27,16,0.43,0.5625,0,0,,47.7127,0,0.43
2026-01-29,加拿大,0.01,3,1.87,11,0.51,0.5455,0,0,,11.1168,0,0.47
2026-01-29,印度,0.01,28,0.19,42,0.13,0.7073,0,0,,24.555,0,0.03
2026-01-30,澳大利亚,0.01,4,3.68,17,0.87,0.5882,0,0,,28.1818,0,0.51
2026-01-30,西班牙,0.01,7,1.77,24,0.52,0.625,0,0,,56.4865,0,0.39
2026-01-30,匈牙利,0.01,7,1.73,38,0.32,0.3684,0,0,,15.7581,0,0.26
2026-01-30,日本,0.01,7,1.71,18,0.66,0.5,1,0.0556,0.01,12.3854,0.1429,0.44
2026-01-30,荷兰,0.01,5,2.07,20,0.52,0.4,0,0,,36.8966,0,0.47
2026-01-30,意大利,0.01,4,1.80,21,0.34,0.2381,0,0,,5.886,0,0.26
2026-01-30,加拿大,0.01,7,0.95,24,0.28,0.5,1,0.0417,0.01,65.5814,0.1429,0.20
2026-01-30,墨西哥,0.01,6,1.06,24,0.26,0.375,0,0,,19.4262,0,0.17
2026-01-30,印度,0.01,34,0.18,52,0.12,0.6154,0,0,,17.5594,0,0.03
2026-01-30,中国,0.01,42,0.14,65,0.09,0.6,0,0,,24.0275,0,0.02
2026-01-31,丹麦,0.01,23,0.60,71,0.19,0.6338,0,0,,61.4524,0,0.11
2026-01-31,德国,0.01,8,1.19,29,0.33,0.3793,0,0,,37.9194,0,0.23
2026-01-31,加拿大,0.01,4,2.29,17,0.54,0.5882,0,0,,6.0687,0,0.40
2026-01-31,卡塔尔,0.01,5,1.36,20,0.34,0.4,0,0,,9.2946,0,0.26
2026-01-31,瑞士,0.01,3,1.96,9,0.65,0.5556,0,0,,29.582,0,0.35
2026-01-31,印度,0.01,20,0.29,38,0.15,0.6316,0,0,,21.3383,0,0.07
2026-01-31,匈牙利,0.01,1,5.26,7,0.75,0.5,0,0,,,0,0.66
2026-01-31,墨西哥,0.01,2,2.60,8,0.65,0.875,0,0,,66.055,0,0.35
2026-01-31,中国,0.01,24,0.21,32,0.16,0.8125,0,0,,32.6338,0,0.04
2026-02-01,英国,0.01,7,1.83,24,0.53,0.4583,0,0,,26.5614,0,0.40
2026-02-01,澳大利亚,0.01,2,6.29,9,1.40,0.4444,0,0,,,0,1.05
2026-02-01,加拿大,0.01,7,1.70,23,0.52,0.6364,0,0,,7.313,0,0.28
2026-02-01,比利时,0.01,1,8.08,7,1.15,0.4286,0,0,,20.1103,0,1.01
2026-02-01,西班牙,0.01,5,1.56,20,0.39,0.5789,1,0.05,0.01,26.9955,0.2,0.26
2026-02-01,瑞士,0.01,1,5.79,7,0.83,0.5714,0,0,,13.166,0,0.72
2026-02-01,意大利,0.01,7,0.72,27,0.19,0.375,0,0,,3.3046,0,0.13
2026-02-02,加拿大,0.01,4,3.21,14,0.92,0.4286,0,0,,1.912,0,0.61
2026-02-02,西班牙,0.01,7,1.54,38,0.28,0.4737,0,0,,19.2301,0,0.23
2026-02-02,印度,0.01,36,0.25,43,0.21,0.8605,0,0,,25.6522,0,0.05
2026-02-02,中国,0.01,38,0.19,47,0.15,0.8511,0,0,,47.5282,0,0.03
2026-02-02,德国,0.01,8,0.89,31,0.23,0.5,0,0,,8.5882,0,0.14
2026-02-03,英国,0.01,7,2.09,12,1.22,0.75,0,0,,92.5198,0,0.56
2026-02-03,澳大利亚,0.01,6,2.14,32,0.40,0.5938,0,0,,48.7906,0,0.30
2026-02-03,德国,0.01,17,0.73,60,0.21,0.65,0,0,,36.7069,0,0.14
2026-02-03,法国,0.01,2,5.79,13,0.89,0.4615,0,0,,5.888,0,0.72
2026-02-03,加拿大,0.01,4,2.06,24,0.34,0.5417,0,0,,75.2387,0,0.29
2026-02-03,阿拉伯联合酋长国,0.01,4,1.89,14,0.54,0.5,0,0,,11.6126,0,0.33
2026-02-03,西班牙,0.01,6,0.88,18,0.29,0.5556,1,0.0556,0.01,63.9901,0.1667,0.18
2026-02-04,印度,0.01,51,0.18,60,0.15,0.7288,0,0,,29.1796,0,0.03
2026-02-04,中国,0.01,51,0.16,39,0.22,0.9487,2,0.0513,0.00,48.7219,0.0392,0.03
2026-02-04,加拿大,0.01,4,1.78,12,0.59,0.6667,0,0,,56.784,0,0.31
2026-02-04,智利,0.01,9,0.75,26,0.26,0.64,0,0,,17.9082,0,0.13
2026-02-05,印度,0.01,44,0.31,62,0.22,0.7419,1,0.0161,0.01,26.3407,0.0227,0.06
2026-02-05,马来西亚,0.01,15,0.78,37,0.31,0.75,0,0,,53.3496,0,0.15
2026-02-05,香港,0.01,6,1.66,28,0.36,0.75,0,0,,42.3621,0,0.24
2026-02-05,中国,0.01,51,0.19,57,0.17,0.8421,0,0,,31.5267,0,0.03
2026-02-05,澳大利亚,0.01,5,1.86,11,0.84,0.6364,0,0,,15.0505,0,0.36
2026-02-05,墨西哥,0.01,8,1.10,23,0.38,0.4783,0,0,,13.2374,0,0.17
2026-02-05,以色列,0.01,4,2.15,9,0.96,0.7778,0,0,,5.258,0,0.43
2026-02-05,乌克兰,0.01,4,1.73,20,0.35,0.4,0,0,,32.637,0,0.26
2026-02-05,荷兰,0.01,4,1.64,19,0.35,0.5263,1,0.0526,0.01,66.2365,0.25,0.29
2026-02-06,加拿大,0.01,2,6.72,15,0.90,0.3333,0,0,,8.1704,0,0.79
2026-02-06,中国,0.01,32,0.37,56,0.21,0.7857,0,0,,76.2378,0,0.06
2026-02-06,泰国,0.01,3,3.66,15,0.73,0.4,0,0,,7.1188,0,0.58
2026-02-06,危地马拉,0.01,16,0.52,35,0.24,0.4857,1,0.0286,0.01,10.4106,0.0625,0.11
2026-02-06,西班牙,0.01,12,0.63,52,0.15,0.5962,0,0,,11.2649,0,0.10
2026-02-06,丹麦,0.01,1,6.32,4,1.58,1,0,0,,44.7388,0,1.58
2026-02-07,印度,0.01,21,0.62,55,0.24,0.7091,0,0,,14.8916,0,0.08
2026-02-07,中国,0.01,34,0.29,43,0.23,0.8837,0,0,,32.3485,0,0.04
2026-02-07,丹麦,0.01,2,4.34,15,0.58,0.4,0,0,,66.281,0,0.54
2026-02-07,西班牙,0.01,6,1.29,31,0.25,0.5161,0,0,,19.1379,0,0.21
2026-02-07,卡塔尔,0.01,1,6.94,7,0.99,0.8571,0,0,,7.1685,0,0.87
2026-02-07,新西兰,0.01,1,6.38,3,2.13,0.3333,0,0,,3.253,0,0.71
2026-01-09,瑞士,0.00,1,4.76,7,0.68,0.4286,0,0,,180,0,0.68
2026-01-09,加拿大,0.00,3,1.50,6,0.75,0.3333,0,0,,9.928,0,0.50
2026-01-09,澳大利亚,0.00,3,1.22,9,0.41,0.5556,0,0,,15.6652,0,0.23
2026-01-09,韩国,0.00,7,0.49,24,0.14,0.875,0,0,,27.3729,0,0.09
2026-01-09,南非,0.00,1,3.30,3,1.10,1,0,0,,,0,1.10
2026-01-09,意大利,0.00,1,3.25,6,0.54,0.5,0,0,,32.413,0,0.54
2026-01-09,新西兰,0.00,1,3.25,5,0.65,0.2,0,0,,1.987,0,0.54
2026-01-09,印度,0.00,16,0.15,24,0.10,0.7083,0,0,,18.71,0,0.03
2026-01-09,沙特阿拉伯,0.00,1,2.35,4,0.59,0.5,1,0.25,0.00,6.084,1,0.34
2026-01-09,乌克兰,0.00,7,0.33,14,0.17,0.5,0,0,,3.852,0,0.06
2026-01-09,香港,0.00,1,2.18,5,0.44,0.8,0,0,,20.2545,0,0.36
2026-01-09,孟加拉国,0.00,13,0.13,14,0.12,0.6429,0,0,,34.1457,0,0.03
2026-01-09,缅甸,0.00,2,0.80,4,0.40,1,0,0,,4.4445,0,0.18
2026-01-09,爱沙尼亚,0.00,2,0.76,7,0.22,0.8571,0,0,,4.117,0,0.19
2026-01-09,越南,0.00,2,0.73,5,0.29,0.4,0,0,,3.6175,0,0.12
2026-01-09,日本,0.00,1,1.18,6,0.20,0.5,0,0,,9.01,0,0.20
2026-01-09,泰国,0.00,2,0.55,6,0.18,0.8333,0,0,,1.368,0,0.11
2026-01-09,波兰,0.00,1,1.05,2,0.53,0,0,0,,,0,0.18
2026-01-09,葡萄牙,0.00,1,0.94,5,0.19,0.8,0,0,,,0,0.13
2026-01-09,瑞典,0.00,1,0.78,6,0.13,0.5,0,0,,,0,0.13
2026-01-09,哥斯达黎加,0.00,1,0.66,1,0.66,0,0,0,,,0,0.33
2026-01-09,墨西哥,0.00,4,0.15,4,0.15,0.75,0,0,,49.366,0,0.05
2026-01-09,多米尼加共和国,0.00,1,0.44,1,0.44,1,0,0,,,0,0.07
2026-01-09,菲律宾,0.00,3,0.12,3,0.12,1,0,0,,3.581,0,0.02
2026-01-09,马来西亚,0.00,4,0.06,2,0.13,1,0,0,,6.91,0,0.03
2026-01-09,罗马尼亚,0.00,2,0.13,3,0.09,1,0,0,,5.4013,0,0.02
2026-01-09,印度尼西亚,0.00,4,0.06,3,0.09,0.6667,0,0,,6.052,0,0.01
2026-01-09,关岛,0.00,1,0.24,2,0.12,0.5,0,0,,18.82,0,0.06
2026-01-09,保加利亚,0.00,1,0.12,1,0.12,1,0,0,,40.622,0,0.12
2026-01-09,奥地利,0.00,1,0.10,1,0.10,1,0,0,,40.723,0,0.10
2026-01-09,厄瓜多尔,0.00,2,0.04,2,0.04,1,0,0,,,0,0.01
2026-01-09,委内瑞拉,0.00,2,0.04,1,0.08,0,0,0,,,0,0.02
2026-01-09,阿拉伯联合酋长国,0.00,1,0.05,3,0.02,1,0,0,,,0,0.01
2026-01-09,塞尔维亚,0.00,2,0.00,0,,,0,,,,0,0.00
2026-01-09,巴基斯坦,0.00,1,0.00,0,,,0,,,,0,0.00
2026-01-09,克罗地亚,0.00,1,0.00,0,,,0,,,,0,0.00
2026-01-09,肯尼亚,0.00,1,0.00,0,,,0,,,,0,0.00
2026-01-10,澳大利亚,0.00,1,4.58,5,0.92,0.2,0,0,,,0,0.57
2026-01-10,巴基斯坦,0.00,9,0.49,26,0.17,0.5,0,0,,10.6527,0,0.08
2026-01-10,印度,0.00,9,0.42,26,0.14,0.7692,0,0,,15.9398,0,0.08
2026-01-10,波兰,0.00,3,1.15,16,0.22,0.625,0,0,,89.5154,0,0.20
2026-01-10,新加坡,0.00,1,2.83,5,0.57,0.8,0,0,,1.7772,0,0.31
2026-01-10,比利时,0.00,1,2.68,4,0.67,0.75,0,0,,8.7627,0,0.38
2026-01-10,越南,0.00,5,0.50,14,0.18,0.6429,0,0,,13.1379,0,0.11
2026-01-10,瑞典,0.00,1,1.88,3,0.63,0.6667,0,0,,12.3165,0,0.63
2026-01-10,巴林,0.00,1,1.44,5,0.29,0.2,0,0,,1.35,0,0.24
2026-01-10,乌兹别克斯坦,0.00,2,0.64,4,0.32,0.75,0,0,,49.584,0,0.13
2026-01-10,亚美尼亚,0.00,3,0.42,11,0.11,0.2727,0,0,,4.6027,0,0.10
2026-01-10,菲律宾,0.00,2,0.57,6,0.19,0.8333,0,0,,11.3476,0,0.09
2026-01-10,墨西哥,0.00,4,0.24,6,0.16,0.8333,0,0,,33.1058,0,0.07
2026-01-10,巴西,0.00,1,0.88,4,0.22,0.25,0,0,,4.085,0,0.11
2026-01-10,西班牙,0.00,1,0.88,4,0.22,0.5,0,0,,3.971,0,0.15
2026-01-10,法国,0.00,1,0.82,4,0.21,0.25,0,0,,29.545,0,0.16
2026-01-10,印度尼西亚,0.00,4,0.20,10,0.08,0.4,0,0,,2.7835,0,0.04
2026-01-10,秘鲁,0.00,4,0.20,9,0.09,0.5556,0,0,,2.0184,0,0.03
2026-01-10,孟加拉国,0.00,4,0.19,1,0.75,1,0,0,,8.383,0,0.05
2026-01-10,智利,0.00,1,0.58,2,0.29,0.5,0,0,,11.566,0,0.12
2026-01-10,缅甸,0.00,1,0.37,3,0.12,1,0,0,,,0,0.05
2026-01-10,北马其顿,0.00,1,0.31,2,0.15,0.5,0,0,,17.262,0,0.06
2026-01-10,罗马尼亚,0.00,1,0.25,3,0.08,1,0,0,,2.872,0,0.03
2026-01-10,阿尔巴尼亚,0.00,1,0.23,2,0.11,1,0,0,,14.0595,0,0.06
2026-01-10,危地马拉,0.00,1,0.18,1,0.18,1,0,0,,12.883,0,0.06
2026-01-10,格鲁吉亚,0.00,2,0.04,1,0.08,0,0,0,,,0,0.01
2026-01-10,多米尼加共和国,0.00,1,0.06,1,0.06,1,0,0,,4.093,0,0.02
2026-01-10,玻利维亚,0.00,1,0.00,0,,,0,,,,0,0.00
2026-01-10,柬埔寨,0.00,1,0.00,0,,,0,,,,0,0.00
2026-01-10,肯尼亚,0.00,1,0.00,0,,,0,,,,0,0.00
2026-01-10,尼泊尔,0.00,1,0.00,0,,,0,,,,0,0.00
2026-01-10,叙利亚,0.00,1,0.00,0,,,0,,,,0,0.00
2026-01-11,瑞士,0.00,2,2.21,2,2.21,0.5,0,0,,,0,1.10
2026-01-11,加拿大,0.00,3,1.35,10,0.40,0.2,0,0,,4.1387,0,0.21
2026-01-11,孟加拉国,0.00,15,0.26,21,0.19,0.7619,0,0,,33.1378,0,0.05
2026-01-11,秘鲁,0.00,1,3.30,4,0.82,0,0,0,,,0,0.41
2026-01-11,尼日利亚,0.00,1,2.86,7,0.41,0.3333,0,0,,52.5465,0,0.17
2026-01-11,荷兰,0.00,1,2.79,4,0.70,0.5,0,0,,43.419,0,0.70
2026-01-11,印度尼西亚,0.00,5,0.44,7,0.32,0.7143,0,0,,79.7176,0,0.11
2026-01-11,南非,0.00,3,0.73,6,0.36,0.3333,0,0,,113.115,0,0.15
2026-01-11,菲律宾,0.00,5,0.42,11,0.19,1,0,0,,10.2445,0,0.08
2026-01-11,德国,0.00,2,0.89,8,0.22,1,0,0,,90.7843,0,0.15
2026-01-11,葡萄牙,0.00,2,0.72,3,0.48,0.6667,0,0,,10.04,0,0.16
2026-01-11,立陶宛,0.00,1,1.36,4,0.34,0.75,0,0,,50.2573,0,0.17
2026-01-11,印度,0.00,4,0.28,11,0.10,0.4545,0,0,,10.4518,0,0.06
2026-01-11,阿根廷,0.00,3,0.20,8,0.07,0.375,0,0,,5.406,0,0.03
2026-01-11,克罗地亚,0.00,1,0.51,2,0.26,1,0,0,,,0,0.13
2026-01-11,墨西哥,0.00,2,0.25,4,0.13,0.5,0,0,,8.936,0,0.06
2026-01-11,泰国,0.00,1,0.47,4,0.12,0.75,0,0,,3.3183,0,0.09
2026-01-11,奥地利,0.00,1,0.47,5,0.09,0.8,0,0,,6.3918,0,0.08
2026-01-11,乌兹别克斯坦,0.00,2,0.22,2,0.22,1,0,0,,,0,0.07
2026-01-11,越南,0.00,2,0.18,3,0.12,0,0,0,,,0,0.09
2026-01-11,台湾,0.00,1,0.32,3,0.11,1,0,0,,,0,0.05
2026-01-11,塞尔维亚,0.00,1,0.26,2,0.13,0.5,0,0,,4.878,0,0.06
2026-01-11,埃塞俄比亚,0.00,1,0.19,3,0.06,0.3333,0,0,,,0,0.05
2026-01-11,埃及,0.00,1,0.13,2,0.06,1,0,0,,,0,0.02
2026-01-11,委内瑞拉,0.00,1,0.12,1,0.12,1,0,0,,1.185,0,0.02
2026-01-11,巴西,0.00,1,0.00,0,,,0,,,,0,0.00
2026-01-11,马来西亚,0.00,1,0.00,0,,,0,,,,0,0.00
2026-01-12,爱尔兰,0.00,3,1.66,12,0.41,0.5833,0,0,,11.6548,0,0.38
2026-01-12,意大利,0.00,3,1.45,17,0.26,0.2353,0,0,,68.039,0,0.24
2026-01-12,中国,0.00,68,0.06,33,0.13,0.8182,0,0,,33.994,0,0.01
2026-01-12,瑞典,0.00,1,4.25,6,0.71,0.1667,0,0,,2.552,0,0.61
2026-01-12,比利时,0.00,5,0.73,17,0.21,0.8235,0,0,,65.4521,0,0.10
2026-01-12,阿拉伯联合酋长国,0.00,4,0.72,9,0.32,0.7778,0,0,,100.439,0,0.13
2026-01-12,巴西,0.00,6,0.45,19,0.14,0.5263,0,0,,41.928,0,0.10
2026-01-12,葡萄牙,0.00,3,0.68,7,0.29,1,0,0,,30.2121,0,0.11
2026-01-12,法国,0.00,1,1.76,5,0.35,0.6,0,0,,4.2197,0,0.25
2026-01-12,马来西亚,0.00,2,0.77,1,1.54,1,0,0,,3.717,0,0.26
2026-01-12,荷兰,0.00,1,1.36,2,0.68,0.5,0,0,,7.982,0,0.45
2026-01-12,捷克,0.00,1,1.19,2,0.60,1,0,0,,7.105,0,0.15
2026-01-12,哥斯达黎加,0.00,1,1.09,6,0.18,0.25,0,0,,,0,0.16
2026-01-12,孟加拉国,0.00,3,0.30,8,0.11,0.25,0,0,,5.173,0,0.06
2026-01-12,芬兰,0.00,1,0.85,3,0.28,1,0,0,,15.287,0,0.21
2026-01-12,越南,0.00,5,0.08,4,0.10,0.75,0,0,,108.195,0,0.02
2026-01-12,科索沃,0.00,1,0.39,4,0.10,0.75,0,0,,34.9633,0,0.05
2026-01-12,泰国,0.00,1,0.36,2,0.18,1,0,0,,16.556,0,0.04
2026-01-12,台湾,0.00,2,0.18,5,0.07,0.4,0,0,,,0,0.04
2026-01-12,南非,0.00,1,0.34,3,0.11,0.6667,0,0,,5.2635,0,0.04
2026-01-12,菲律宾,0.00,2,0.16,3,0.11,0,0,0,,,0,0.08
2026-01-12,土耳其,0.00,2,0.16,1,0.32,1,0,0,,,0,0.02
2026-01-12,肯尼亚,0.00,1,0.24,5,0.05,0.8,0,0,,,0,0.03
2026-01-12,巴基斯坦,0.00,8,0.02,2,0.09,1,0,0,,15.8405,0,0.00
2026-01-12,哥伦比亚,0.00,1,0.17,4,0.04,0,0,0,,,0,0.02
2026-01-12,摩洛哥,0.00,1,0.08,1,0.08,0,0,0,,,0,0.02
2026-01-12,柬埔寨,0.00,2,0.04,1,0.08,0,0,0,,,0,0.01
2026-01-12,埃及,0.00,1,0.02,1,0.02,1,0,0,,,0,0.01
2026-01-12,缅甸,0.00,1,0.00,0,,,0,,,,0,0.00
2026-01-12,萨尔瓦多,0.00,1,0.00,0,,,0,,,,0,0.00
2026-01-13,法国,0.00,5,0.87,11,0.40,0.7273,0,0,,145.1885,0,0.21
2026-01-13,白俄罗斯,0.00,1,4.08,4,1.02,0.75,0,0,,13.127,0,0.51
2026-01-13,德国,0.00,7,0.55,26,0.15,0.3462,0,0,,33.9641,0,0.10
2026-01-13,中国,0.00,41,0.09,31,0.12,0.9032,0,0,,30.3153,0,0.02
2026-01-13,澳大利亚,0.00,5,0.67,21,0.16,0.3333,0,0,,28.403,0,0.10
2026-01-13,日本,0.00,1,3.32,7,0.47,1,0,0,,,0,0.47
2026-01-13,巴西,0.00,4,0.64,18,0.14,0.3889,0,0,,43.5232,0,0.14
2026-01-13,菲律宾,0.00,7,0.34,20,0.12,0.75,0,0,,13.8768,0,0.06
2026-01-13,捷克,0.00,1,1.97,4,0.49,0.75,0,0,,10.1467,0,0.33
2026-01-13,巴基斯坦,0.00,8,0.20,7,0.22,0.8571,0,0,,4.1525,0,0.04
2026-01-13,墨西哥,0.00,3,0.49,5,0.30,0.6,0,0,,44.8737,0,0.11
2026-01-13,哥斯达黎加,0.00,3,0.46,10,0.14,1,0,0,,15.0273,0,0.06
2026-01-13,印度,0.00,17,0.08,18,0.07,0.7222,0,0,,6.8165,0,0.02
2026-01-13,瑞士,0.00,5,0.25,2,0.63,1,0,0,,6.418,0,0.09
2026-01-13,新加坡,0.00,2,0.47,6,0.16,0.8333,0,0,,27.8878,0,0.07
2026-01-13,奥地利,0.00,2,0.44,6,0.15,0.5,0,0,,2.3077,0,0.08
2026-01-13,西班牙,0.00,2,0.38,9,0.09,0.7778,0,0,,43.7737,0,0.06
2026-01-13,香港,0.00,3,0.23,5,0.14,0.75,0,0,,,0,0.03
2026-01-13,黎巴嫩,0.00,1,0.64,4,0.16,0.75,0,0,,,0,0.13
2026-01-13,挪威,0.00,1,0.64,6,0.11,0.5,0,0,,37.054,0,0.09
2026-01-13,乌兹别克斯坦,0.00,2,0.31,4,0.15,0.75,0,0,,25.7133,0,0.06
2026-01-13,新西兰,0.00,2,0.27,4,0.13,0.75,0,0,,33.938,0,0.05
2026-01-13,孟加拉国,0.00,8,0.06,4,0.12,1,0,0,,4.454,0,0.01
2026-01-13,波兰,0.00,2,0.24,5,0.09,0.6,0,0,,23.7317,0,0.04
2026-01-13,印度尼西亚,0.00,2,0.22,3,0.14,1,0,0,,30.9357,0,0.04
2026-01-13,斯里兰卡,0.00,1,0.36,3,0.12,0.6667,0,0,,19.2815,0,0.05
2026-01-13,台湾,0.00,1,0.33,2,0.17,1,1,0.5,0.00,20.494,1,0.04
2026-01-13,越南,0.00,7,0.03,17,0.01,0.5294,0,0,,13.4031,0,0.00
2026-01-13,马来西亚,0.00,3,0.07,2,0.11,0.5,0,0,,10.328,0,0.01
2026-01-13,意大利,0.00,1,0.21,4,0.05,0.5,1,0.25,0.00,21.2135,1,0.04
2026-01-13,泰国,0.00,2,0.10,2,0.10,1,0,0,,4.5395,0,0.02
2026-01-13,哥伦比亚,0.00,1,0.19,1,0.19,0,0,0,,,0,0.02
2026-01-13,葡萄牙,0.00,2,0.07,5,0.03,0.6,0,0,,,0,0.01
2026-01-13,尼泊尔,0.00,1,0.12,1,0.12,0,0,0,,,0,0.02
2026-01-13,阿拉伯联合酋长国,0.00,1,0.11,1,0.11,0,0,0,,,0,0.02
2026-01-13,沙特阿拉伯,0.00,3,0.02,3,0.02,0.3333,0,0,,19.199,0,0.01
2026-01-13,哈萨克斯坦,0.00,1,0.00,0,,,0,,,,0,0.00
2026-01-13,老挝,0.00,1,0.00,0,,,0,,,,0,0.00
2026-01-13,摩洛哥,0.00,1,0.00,0,,,0,,,,0,0.00
2026-01-14,印度,0.00,15,0.26,23,0.17,0.5,0,0,,19.0299,0,0.05
2026-01-14,葡萄牙,0.00,2,1.89,15,0.25,0.4,0,0,,5.638,0,0.24
2026-01-14,哥伦比亚,0.00,8,0.44,33,0.11,0.3333,0,0,,72.5896,0,0.07
2026-01-14,墨西哥,0.00,6,0.51,20,0.15,0.55,0,0,,43.4245,0,0.08
2026-01-14,巴基斯坦,0.00,9,0.32,9,0.32,0.7778,0,0,,10.4073,0,0.06
2026-01-14,芬兰,0.00,2,1.42,1,2.83,0,0,0,,,0,0.47
2026-01-14,意大利,0.00,2,1.42,5,0.57,0.6,0,0,,119.8377,0,0.20
2026-01-14,英国,0.00,14,0.19,27,0.10,0.7037,0,0,,45.7491,0,0.04
2026-01-14,加拿大,0.00,3,0.76,9,0.25,0.5556,0,0,,109.4926,0,0.17
2026-01-14,马来西亚,0.00,2,0.85,6,0.28,0.6667,0,0,,,0,0.12
2026-01-14,柬埔寨,0.00,2,0.82,7,0.23,1,0,0,,51.4807,0,0.15
2026-01-14,越南,0.00,8,0.17,12,0.11,0.8333,0,0,,63.6317,0,0.04
2026-01-14,澳大利亚,0.00,3,0.35,4,0.26,0.75,0,0,,22.935,0,0.06
2026-01-14,菲律宾,0.00,2,0.43,2,0.43,0,0,0,,,0,0.07
2026-01-14,奥地利,0.00,1,0.77,5,0.15,0.4,0,0,,,0,0.13
2026-01-14,巴西,0.00,5,0.15,7,0.10,0.2857,0,0,,35.4055,0,0.03
2026-01-14,香港,0.00,1,0.67,1,0.67,0,0,0,,,0,0.22
2026-01-14,智利,0.00,1,0.58,2,0.29,1,0,0,,43.0415,0,0.29
2026-01-14,爱尔兰,0.00,3,0.19,7,0.08,1,0,0,,50.4773,0,0.05
2026-01-14,日本,0.00,1,0.40,2,0.20,0,0,0,,,0,0.06
2026-01-14,南非,0.00,1,0.36,2,0.18,1,0,0,,30.0725,0,0.12
2026-01-14,沙特阿拉伯,0.00,1,0.34,1,0.34,1,0,0,,32.82,0,0.17
2026-01-14,尼加拉瓜,0.00,2,0.13,4,0.06,1,0,0,,35.3045,0,0.02
2026-01-14,荷兰,0.00,1,0.21,5,0.04,0.6,0,0,,,0,0.03
2026-01-14,法国,0.00,2,0.08,2,0.08,0,0,0,,,0,0.01
2026-01-14,玻利维亚,0.00,1,0.07,1,0.07,,0,0,,,0,0.01
2026-01-14,印度尼西亚,0.00,3,0.02,9,0.01,0.6667,0,0,,7.4442,0,0.00
2026-01-14,泰国,0.00,2,0.03,3,0.02,1,0,0,,11.4763,0,0.01
2026-01-14,匈牙利,0.00,2,0.02,2,0.02,1,0,0,,25.321,0,0.01
2026-01-14,秘鲁,0.00,1,0.03,1,0.03,0,0,0,,,0,0.00
2026-01-14,阿拉伯联合酋长国,0.00,2,0.01,3,0.01,0.3333,0,0,,,0,0.00
2026-01-14,摩洛哥,0.00,2,0.01,1,0.02,1,0,0,,,0,0.00
2026-01-14,土耳其,0.00,2,0.00,1,0.01,1,0,0,,1.075,0,0.00
2026-01-14,埃及,0.00,2,0.00,1,0.01,0,0,0,,,0,0.00
2026-01-14,尼泊尔,0.00,4,0.00,0,,,0,,,,0,0.00
2026-01-14,厄瓜多尔,0.00,3,0.00,0,,,0,,,,0,0.00
2026-01-14,瑞典,0.00,3,0.00,0,,,0,,,,0,0.00
2026-01-14,阿根廷,0.00,2,0.00,0,,,0,,,,0,0.00
2026-01-14,冰岛,0.00,2,0.00,0,,,0,,,,0,0.00
2026-01-14,委内瑞拉,0.00,2,0.00,0,,,0,,,,0,0.00
2026-01-14,阿塞拜疆,0.00,1,0.00,0,,,0,,,,0,0.00
2026-01-15,中国,0.00,43,0.11,42,0.11,0.619,0,0,,31.8323,0,0.02
2026-01-15,印度,0.00,34,0.10,22,0.16,0.7619,1,0.0455,0.00,31.3309,0.0294,0.02
2026-01-15,澳大利亚,0.00,2,1.56,5,0.63,0.4,0,0,,18.4415,0,0.35
2026-01-15,巴西,0.00,4,0.70,8,0.35,0.75,0,0,,17.81,0,0.14
2026-01-15,危地马拉,0.00,1,2.77,5,0.55,0,0,0,,,0,0.40
2026-01-15,玻利维亚,0.00,2,1.34,3,0.89,0.6667,0,0,,,0,0.17
2026-01-15,秘鲁,0.00,5,0.39,6,0.32,0.5,0,0,,,0,0.06
2026-01-15,奥地利,0.00,1,1.90,4,0.47,1,0,0,,26.9743,0,0.47
2026-01-15,新加坡,0.00,1,0.99,6,0.17,0.5,0,0,,1.727,0,0.11
2026-01-15,越南,0.00,5,0.14,11,0.06,0.3636,0,0,,31.5897,0,0.03
2026-01-15,瑞士,0.00,1,0.60,5,0.12,0.6,0,0,,18.273,0,0.07
2026-01-15,马来西亚,0.00,9,0.06,16,0.03,0.5,0,0,,16.2796,0,0.01
2026-01-15,巴基斯坦,0.00,12,0.04,7,0.07,0.5714,1,0.1429,0.00,47.8407,0.0833,0.01
2026-01-15,波兰,0.00,1,0.44,7,0.06,0.5714,0,0,,,0,0.06
2026-01-15,斯里兰卡,0.00,1,0.35,2,0.17,1,0,0,,14.9295,0,0.05
2026-01-15,突尼斯,0.00,1,0.33,2,0.16,0,0,0,,,0,0.05
2026-01-15,法国,0.00,1,0.29,5,0.06,0.4,0,0,,6.7395,0,0.05
2026-01-15,哥伦比亚,0.00,1,0.17,2,0.09,1,0,0,,22.234,0,0.02
2026-01-15,印度尼西亚,0.00,14,0.01,2,0.08,1,0,0,,2.796,0,0.00
2026-01-15,墨西哥,0.00,1,0.16,2,0.08,0.5,0,0,,,0,0.03
2026-01-15,阿拉伯联合酋长国,0.00,1,0.15,4,0.04,0.25,0,0,,,0,0.03
2026-01-15,哥斯达黎加,0.00,1,0.14,1,0.14,1,0,0,,8.216,0,0.03
2026-01-15,香港,0.00,3,0.05,3,0.05,1,0,0,,7.5637,0,0.01
2026-01-15,西班牙,0.00,3,0.04,8,0.02,0.75,0,0,,22.911,0,0.01
2026-01-15,智利,0.00,2,0.02,3,0.01,1,0,0,,11.933,0,0.00
2026-01-15,肯尼亚,0.00,3,0.01,3,0.01,0.6667,0,0,,22.5165,0,0.00
2026-01-15,塞尔维亚,0.00,3,0.01,2,0.01,1,0,0,,1.194,0,0.00
2026-01-15,乌克兰,0.00,1,0.01,2,0.01,1,0,0,,11.277,0,0.00
2026-01-15,芬兰,0.00,7,0.00,0,,,0,,,,0,0.00
2026-01-15,菲律宾,0.00,3,0.00,0,,,0,,,,0,0.00
2026-01-15,沙特阿拉伯,0.00,2,0.00,0,,,0,,,,0,0.00
2026-01-15,阿根廷,0.00,1,0.00,0,,,0,,,,0,0.00
2026-01-15,阿塞拜疆,0.00,1,0.00,0,,,0,,,,0,0.00
2026-01-15,厄瓜多尔,0.00,1,0.00,0,,,0,,,,0,0.00
2026-01-15,黎巴嫩,0.00,1,0.00,0,,,0,,,,0,0.00
2026-01-15,孟加拉国,0.00,1,0.00,0,,,0,,,,0,0.00
2026-01-15,摩洛哥,0.00,1,0.00,0,,,0,,,,0,0.00
2026-01-15,瑞典,0.00,1,0.00,0,,,0,,,,0,0.00
2026-01-16,墨西哥,0.00,3,1.51,8,0.57,0.5,0,0,,3.3633,0,0.27
2026-01-16,阿拉伯联合酋长国,0.00,3,1.49,7,0.64,0.2857,0,0,,8.6245,0,0.41
2026-01-16,印度,0.00,14,0.25,22,0.16,0.5,0,0,,21.3902,0,0.05
2026-01-16,英国,0.00,4,0.72,9,0.32,1,0,0,,62.308,0,0.15
2026-01-16,瑞士,0.00,1,2.65,6,0.44,0.5,0,0,,2.6673,0,0.38
2026-01-16,智利,0.00,2,0.86,11,0.16,0.1818,0,0,,2.358,0,0.12
2026-01-16,挪威,0.00,1,1.54,5,0.31,0.4,0,0,,9.866,0,0.31
2026-01-16,希腊,0.00,3,0.47,7,0.20,0.8571,0,0,,20.9143,0,0.07
2026-01-16,日本,0.00,2,0.65,2,0.65,1,0,0,,2.9775,0,0.33
2026-01-16,意大利,0.00,3,0.42,2,0.64,0.5,0,0,,19.272,0,0.12
2026-01-16,奥地利,0.00,1,1.27,3,0.42,1,0,0,,,0,0.42
2026-01-16,黎巴嫩,0.00,1,1.13,3,0.38,0.3333,0,0,,,0,0.16
2026-01-16,捷克,0.00,1,1.12,1,1.12,1,0,0,,16.096,0,0.56
2026-01-16,波兰,0.00,4,0.18,5,0.15,0.8,0,0,,39.3733,0,0.05
2026-01-16,丹麦,0.00,1,0.72,4,0.18,1,0,0,,,0,0.18
2026-01-16,罗马尼亚,0.00,1,0.60,3,0.20,0.6667,0,0,,149.615,0,0.10
2026-01-16,菲律宾,0.00,1,0.54,3,0.18,1,0,0,,95.1357,0,0.06
2026-01-16,马来西亚,0.00,2,0.18,3,0.12,1,0,0,,20.936,0,0.05
2026-01-16,香港,0.00,2,0.15,2,0.15,0,0,0,,,0,0.04
2026-01-16,越南,0.00,1,0.29,3,0.10,0.6667,0,0,,,0,0.04
2026-01-16,巴基斯坦,0.00,5,0.05,1,0.26,1,0,0,,2.986,0,0.01
2026-01-16,巴西,0.00,4,0.06,6,0.04,0.5,0,0,,4.6333,0,0.02
2026-01-16,台湾,0.00,2,0.13,1,0.25,1,0,0,,10.028,0,0.06
2026-01-16,印度尼西亚,0.00,1,0.25,2,0.12,1,0,0,,,0,0.03
2026-01-16,新西兰,0.00,1,0.24,3,0.08,0,0,0,,,0,0.04
2026-01-16,乌克兰,0.00,1,0.14,1,0.14,1,0,0,,13.125,0,0.02
2026-01-16,哥伦比亚,0.00,3,0.04,2,0.06,1,0,0,,96.707,0,0.01
2026-01-16,摩洛哥,0.00,1,0.08,1,0.08,1,0,0,,6.949,0,0.04
2026-01-16,柬埔寨,0.00,4,0.02,1,0.07,1,0,0,,14.242,0,0.00
2026-01-16,安哥拉,0.00,1,0.06,2,0.03,0.5,0,0,,4.219,0,0.01
2026-01-16,乌拉圭,0.00,2,0.03,2,0.03,1,0,0,,13.0735,0,0.01
2026-01-16,埃及,0.00,1,0.04,1,0.04,0,0,0,,,0,0.01
2026-01-16,以色列,0.00,1,0.02,2,0.01,1,0,0,,7.202,0,0.00
2026-01-16,阿尔及利亚,0.00,1,0.02,1,0.02,1,0,0,,41.855,0,0.01
2026-01-16,孟加拉国,0.00,3,0.00,0,,,0,,,,0,0.00
2026-01-16,阿根廷,0.00,1,0.00,0,,,0,,,,0,0.00
2026-01-16,比利时,0.00,1,0.00,0,,,0,,,,0,0.00
2026-01-16,俄罗斯,0.00,1,0.00,0,,,0,,,,0,0.00
2026-01-16,韩国,0.00,1,0.00,0,,,0,,,,0,0.00
2026-01-16,尼泊尔,0.00,1,0.00,0,,,0,,,,0,0.00
2026-01-17,英国,0.00,3,1.53,9,0.51,0.5556,0,0,,9.509,0,0.27
2026-01-17,印度,0.00,14,0.32,21,0.22,0.9048,0,0,,14.7128,0,0.06
2026-01-17,德国,0.00,3,1.42,13,0.33,0.6154,0,0,,113.9969,0,0.31
2026-01-17,丹麦,0.00,1,3.63,5,0.73,0,0,0,,,0,0.73
2026-01-17,波兰,0.00,1,3.38,7,0.48,0.4286,0,0,,39.288,0,0.42
2026-01-17,菲律宾,0.00,3,1.06,8,0.40,0.625,0,0,,81.3078,0,0.24
2026-01-17,荷兰,0.00,1,2.48,3,0.83,0.6667,0,0,,3.7905,0,0.41
2026-01-17,香港,0.00,4,0.47,6,0.32,1,0,0,,22.3006,0,0.09
2026-01-17,墨西哥,0.00,3,0.43,11,0.12,0.6364,0,0,,46.4495,0,0.08
2026-01-17,波多黎各,0.00,2,0.64,5,0.25,0.4,0,0,,22.9215,0,0.09
2026-01-17,摩洛哥,0.00,4,0.30,16,0.07,0.25,0,0,,9.6512,0,0.05
2026-01-17,印度尼西亚,0.00,1,1.10,7,0.16,0.8571,0,0,,7.2602,0,0.12
2026-01-17,沙特阿拉伯,0.00,1,1.07,6,0.18,0.1667,0,0,,1.31,0,0.15
2026-01-17,瑞典,0.00,1,0.99,6,0.16,0.5,0,0,,5.0913,0,0.12
2026-01-17,多米尼加共和国,0.00,2,0.49,4,0.25,0.5,0,0,,,0,0.11
2026-01-17,巴基斯坦,0.00,5,0.20,5,0.20,0.6,0,0,,87.7393,0,0.03
2026-01-17,尼日利亚,0.00,1,0.72,3,0.24,1,0,0,,8.1087,0,0.09
2026-01-17,巴西,0.00,1,0.67,2,0.34,0.5,0,0,,,0,0.07
2026-01-17,捷克,0.00,1,0.67,1,0.67,1,0,0,,5.201,0,0.13
2026-01-17,南非,0.00,1,0.59,1,0.59,1,0,0,,,0,0.15
2026-01-17,日本,0.00,1,0.59,5,0.12,0,0,0,,,0,0.07
2026-01-17,埃塞俄比亚,0.00,1,0.37,1,0.37,1,0,0,,132.942,0,0.18
2026-01-17,爱尔兰,0.00,1,0.34,1,0.34,1,0,0,,,0,0.08
2026-01-17,葡萄牙,0.00,1,0.33,1,0.33,1,0,0,,,0,0.16
2026-01-17,意大利,0.00,1,0.30,2,0.15,0.5,0,0,,6.726,0,0.06
2026-01-17,以色列,0.00,2,0.15,1,0.29,1,0,0,,1.776,0,0.07
2026-01-17,厄瓜多尔,0.00,1,0.28,9,0.03,0.3333,0,0,,1.766,0,0.03
2026-01-17,孟加拉国,0.00,5,0.03,1,0.13,0,0,0,,,0,0.01
2026-01-17,西班牙,0.00,1,0.09,2,0.04,1,0,0,,,0,0.02
2026-01-17,哥伦比亚,0.00,2,0.02,2,0.02,0.5,0,0,,4.944,0,0.00
2026-01-17,韩国,0.00,2,0.00,1,0.01,0,0,0,,,0,0.00
2026-01-17,格鲁吉亚,0.00,1,0.00,0,,,0,,,,0,0.00
2026-01-17,柬埔寨,0.00,1,0.00,0,,,0,,,,0,0.00
2026-01-17,马来西亚,0.00,1,0.00,0,,,0,,,,0,0.00
2026-01-17,斯里兰卡,0.00,1,0.00,0,,,0,,,,0,0.00
2026-01-17,土耳其,0.00,1,0.00,0,,,0,,,,0,0.00
2026-01-17,乌克兰,0.00,1,0.00,0,,,0,,,,0,0.00
2026-01-17,越南,0.00,1,0.00,0,,,0,,,,0,0.00
2026-01-18,印度,0.00,12,0.40,24,0.20,0.7083,0,0,,15.4121,0,0.07
2026-01-18,荷兰,0.00,1,4.36,5,0.87,0.5,0,0,,,0,0.62
2026-01-18,泰国,0.00,5,0.80,14,0.28,0.2857,0,0,,14.7785,0,0.20
2026-01-18,波兰,0.00,2,1.85,7,0.53,0.4286,0,0,,37.9797,0,0.46
2026-01-18,立陶宛,0.00,2,1.43,5,0.57,0.6,0,0,,19.099,0,0.36
2026-01-18,中国,0.00,24,0.11,20,0.13,0.5,0,0,,16.8187,0,0.02
2026-01-18,德国,0.00,3,0.81,13,0.19,0.3077,0,0,,10.8432,0,0.15
2026-01-18,奥地利,0.00,1,1.96,7,0.28,0.5714,0,0,,37.5785,0,0.28
2026-01-18,孟加拉国,0.00,3,0.65,6,0.33,0.6667,0,0,,,0,0.08
2026-01-18,摩洛哥,0.00,2,0.88,4,0.44,0.75,0,0,,11.9203,0,0.18
2026-01-18,瑞典,0.00,1,1.53,7,0.22,0.8571,0,0,,22.3537,0,0.22
2026-01-18,乌克兰,0.00,3,0.45,6,0.22,0.6667,0,0,,45.456,0,0.11
2026-01-18,香港,0.00,1,1.33,4,0.33,0.5,0,0,,17.437,0,0.17
2026-01-18,阿根廷,0.00,2,0.43,4,0.22,1,0,0,,96.7963,0,0.06
2026-01-18,土耳其,0.00,2,0.41,14,0.06,0.4286,0,0,,7.3757,0,0.05
2026-01-18,罗马尼亚,0.00,1,0.71,2,0.35,1,0,0,,8.0905,0,0.35
2026-01-18,墨西哥,0.00,3,0.21,5,0.13,1,0,0,,40.8982,0,0.09
2026-01-18,印度尼西亚,0.00,6,0.10,10,0.06,0.4,0,0,,3.6727,0,0.03
2026-01-18,卢森堡,0.00,4,0.14,6,0.09,1,0,0,,15.5573,0,0.03
2026-01-18,菲律宾,0.00,3,0.18,5,0.11,0.8,0,0,,4.411,0,0.04
2026-01-18,匈牙利,0.00,1,0.47,5,0.09,0.6,0,0,,7.2053,0,0.07
2026-01-18,瑞士,0.00,3,0.11,3,0.11,1,0,0,,68.5037,0,0.05
2026-01-18,科索沃,0.00,1,0.29,3,0.10,0.3333,0,0,,3.293,0,0.04
2026-01-18,肯尼亚,0.00,1,0.28,2,0.14,1,0,0,,180,0,0.14
2026-01-18,西班牙,0.00,2,0.14,7,0.04,0.1429,0,0,,,0,0.03
2026-01-18,厄瓜多尔,0.00,1,0.22,2,0.11,0.5,0,0,,,0,0.04
2026-01-18,巴拉圭,0.00,1,0.21,2,0.10,0,0,0,,,0,0.03
2026-01-18,哥伦比亚,0.00,1,0.11,1,0.11,1,0,0,,,0,0.01
2026-01-18,萨尔瓦多,0.00,2,0.01,1,0.02,1,0,0,,2.733,0,0.00
2026-01-18,巴基斯坦,0.00,4,0.00,0,,,0,,,,0,0.00
2026-01-18,埃塞俄比亚,0.00,1,0.00,0,,,0,,,,0,0.00
2026-01-18,尼日利亚,0.00,1,0.00,0,,,0,,,,0,0.00
2026-01-18,塞内加尔,0.00,1,0.00,0,,,0,,,,0,0.00
2026-01-19,墨西哥,0.00,6,0.72,12,0.36,0.6667,0,0,,21.8502,0,0.13
2026-01-19,台湾,0.00,6,0.65,30,0.13,0.7667,0,0,,85.346,0,0.08
2026-01-19,马来西亚,0.00,8,0.39,11,0.29,0.6364,0,0,,29.7004,0,0.06
2026-01-19,菲律宾,0.00,13,0.23,21,0.14,0.75,0,0,,33.1798,0,0.05
2026-01-19,孟加拉国,0.00,4,0.63,4,0.63,0,0,0,,,0,0.19
2026-01-19,香港,0.00,3,0.74,13,0.17,0.4615,0,0,,11.9923,0,0.10
2026-01-19,越南,0.00,4,0.55,7,0.31,0.5714,0,0,,17.202,0,0.10
2026-01-19,阿拉伯联合酋长国,0.00,3,0.73,11,0.20,0.2727,0,0,,7.712,0,0.16
2026-01-19,巴基斯坦,0.00,5,0.43,11,0.19,0.2727,0,0,,14.699,0,0.08
2026-01-19,土耳其,0.00,2,1.00,5,0.40,1,0,0,,53.3648,0,0.20
2026-01-19,伊拉克,0.00,8,0.24,8,0.24,0.875,1,0.125,0.00,7.4642,0.125,0.07
2026-01-19,巴西,0.00,2,0.92,8,0.23,0.5,0,0,,180,0,0.15
2026-01-19,巴巴多斯,0.00,4,0.45,7,0.26,0.5714,0,0,,4.8627,0,0.11
2026-01-19,亚美尼亚,0.00,1,1.59,7,0.23,0.1429,0,0,,2.779,0,0.18
2026-01-19,比利时,0.00,1,1.48,5,0.30,0.4,0,0,,24.2105,0,0.30
2026-01-19,葡萄牙,0.00,2,0.70,8,0.18,0.5,0,0,,111.8197,0,0.11
2026-01-19,巴拉圭,0.00,1,1.31,4,0.33,0.25,0,0,,1.267,0,0.16
2026-01-19,智利,0.00,1,1.16,5,0.23,0.6,0,0,,,0,0.14
2026-01-19,肯尼亚,0.00,4,0.26,6,0.17,0.3333,0,0,,9.4815,0,0.04
2026-01-19,南非,0.00,1,0.98,6,0.16,0.8333,0,0,,12.7936,0,0.12
2026-01-19,加拿大,0.00,1,0.89,1,0.89,1,0,0,,2.266,0,0.22
2026-01-19,韩国,0.00,1,0.65,3,0.22,1,0,0,,6.1077,0,0.08
2026-01-19,柬埔寨,0.00,1,0.59,6,0.10,0.6667,0,0,,139.014,0,0.07
2026-01-19,奥地利,0.00,1,0.46,4,0.11,0.75,0,0,,13.2973,0,0.08
2026-01-19,以色列,0.00,1,0.38,1,0.38,1,0,0,,180,0,0.19
2026-01-19,印度尼西亚,0.00,4,0.09,5,0.08,1,0,0,,18.4168,0,0.02
2026-01-19,泰国,0.00,2,0.13,2,0.13,1,0,0,,10.559,0,0.02
2026-01-19,利比亚,0.00,1,0.23,2,0.12,0.5,0,0,,51.361,0,0.04
2026-01-19,格鲁吉亚,0.00,1,0.14,1,0.14,0,0,0,,,0,0.14
2026-01-19,乌克兰,0.00,1,0.14,1,0.14,1,0,0,,,0,0.04
2026-01-19,尼泊尔,0.00,2,0.06,1,0.13,1,0,0,,180,0,0.01
2026-01-19,意大利,0.00,1,0.11,1,0.11,1,0,0,,7.881,0,0.06
2026-01-19,马尔代夫,0.00,1,0.08,1,0.08,1,0,0,,,0,0.01
2026-01-19,委内瑞拉,0.00,1,0.07,1,0.07,1,0,0,,1.887,0,0.01
2026-01-19,波斯尼亚和黑塞哥维那,0.00,1,0.02,2,0.01,0.5,0,0,,15.344,0,0.00
2026-01-19,厄瓜多尔,0.00,1,0.00,0,,,0,,,,0,0.00
2026-01-19,黎巴嫩,0.00,1,0.00,0,,,0,,,,0,0.00
2026-01-19,缅甸,0.00,1,0.00,0,,,0,,,,0,0.00
2026-01-19,尼日利亚,0.00,1,0.00,0,,,0,,,,0,0.00
2026-01-19,新加坡,0.00,1,0.00,0,,,0,,,,0,0.00
2026-01-20,澳大利亚,0.00,2,2.10,9,0.47,0.2222,0,0,,,0,0.30
2026-01-20,新西兰,0.00,1,2.45,5,0.49,0.8,0,0,,6.603,0,0.35
2026-01-20,秘鲁,0.00,3,0.68,18,0.11,0.6111,0,0,,123.9703,0,0.09
2026-01-20,波兰,0.00,1,1.82,6,0.30,0.8333,0,0,,8.3125,0,0.23
2026-01-20,哥伦比亚,0.00,4,0.39,10,0.16,0.5,0,0,,59.0706,0,0.08
2026-01-20,孟加拉国,0.00,13,0.11,8,0.19,1,0,0,,9.4011,0,0.04
2026-01-20,韩国,0.00,2,0.73,15,0.10,0.3333,0,0,,58.7934,0,0.10
2026-01-20,丹麦,0.00,3,0.40,9,0.13,0.7778,0,0,,11.4747,0,0.09
2026-01-20,埃及,0.00,1,1.18,3,0.39,0.6667,0,0,,,0,0.20
2026-01-20,越南,0.00,8,0.13,12,0.09,0.8,0,0,,9.7459,0,0.02
2026-01-20,亚美尼亚,0.00,4,0.23,11,0.08,0.8182,0,0,,116.2996,0,0.05
2026-01-20,香港,0.00,1,0.91,3,0.30,1,0,0,,6.0537,0,0.11
2026-01-20,阿拉伯联合酋长国,0.00,1,0.79,1,0.79,1,0,0,,3.957,0,0.39
2026-01-20,尼日利亚,0.00,4,0.18,3,0.25,0.3333,0,0,,3.322,0,0.05
2026-01-20,厄瓜多尔,0.00,2,0.35,10,0.07,0.3,0,0,,2.588,0,0.04
2026-01-20,摩洛哥,0.00,2,0.34,5,0.14,1,0,0,,15.8595,0,0.08
2026-01-20,塔吉克斯坦,0.00,2,0.30,3,0.20,0.3333,0,0,,,0,0.06
2026-01-20,南非,0.00,1,0.60,5,0.12,0.6,0,0,,37.4183,0,0.07
2026-01-20,马来西亚,0.00,1,0.48,3,0.16,0.6667,0,0,,3.749,0,0.05
2026-01-20,波斯尼亚和黑塞哥维那,0.00,1,0.38,2,0.19,0,0,0,,,0,0.06
2026-01-20,意大利,0.00,1,0.34,4,0.08,0.75,0,0,,33.723,0,0.05
2026-01-20,关岛,0.00,1,0.28,1,0.28,1,0,0,,22.487,0,0.04
2026-01-20,台湾,0.00,1,0.24,5,0.05,0,0,0,,,0,0.03
2026-01-20,菲律宾,0.00,1,0.22,1,0.22,0,0,0,,,0,0.11
2026-01-20,巴基斯坦,0.00,8,0.02,2,0.09,1,0,0,,6.6825,0,0.01
2026-01-20,塞尔维亚,0.00,1,0.17,1,0.17,1,0,0,,9.366,0,0.02
2026-01-20,日本,0.00,2,0.08,3,0.05,0.3333,0,0,,3.325,0,0.01
2026-01-20,新加坡,0.00,1,0.13,1,0.13,1,0,0,,,0,0.02
2026-01-20,卡塔尔,0.00,1,0.09,1,0.09,0,0,0,,,0,0.01
2026-01-20,玻利维亚,0.00,3,0.00,0,,,0,,,,0,0.00
2026-01-20,斯里兰卡,0.00,2,0.00,0,,,0,,,,0,0.00
2026-01-20,黎巴嫩,0.00,1,0.00,0,,,0,,,,0,0.00
2026-01-20,突尼斯,0.00,1,0.00,0,,,0,,,,0,0.00
2026-01-20,印度尼西亚,0.00,1,0.00,0,,,0,,,,0,0.00
2026-01-21,澳大利亚,0.00,2,2.13,12,0.36,0.6667,0,0,,33.4046,0,0.24
2026-01-21,保加利亚,0.00,2,2.11,9,0.47,0.5556,0,0,,11.5434,0,0.35
2026-01-21,荷兰,0.00,1,3.65,3,1.22,0.3333,0,0,,10.776,0,0.91
2026-01-21,法国,0.00,3,1.01,13,0.23,0.5,0,0,,8.164,0,0.16
2026-01-21,日本,0.00,2,1.33,8,0.33,0.5,0,0,,9.278,0,0.33
2026-01-21,哥伦比亚,0.00,3,0.89,9,0.30,0.3333,0,0,,64.3133,0,0.24
2026-01-21,丹麦,0.00,3,0.81,9,0.27,0.4444,0,0,,29.7625,0,0.24
2026-01-21,菲律宾,0.00,5,0.48,10,0.24,0.9,0,0,,37.7263,0,0.08
2026-01-21,越南,0.00,8,0.30,12,0.20,0.5833,0,0,,4.2038,0,0.06
2026-01-21,泰国,0.00,2,1.06,6,0.35,0,0,0,,,0,0.21
2026-01-21,意大利,0.00,2,1.03,6,0.34,0.3333,1,0.1667,0.00,3.3755,0.5,0.21
2026-01-21,科威特,0.00,1,1.76,6,0.29,0.3333,0,0,,12.6855,0,0.29
2026-01-21,台湾,0.00,1,1.67,7,0.24,0.5714,0,0,,,0,0.24
2026-01-21,罗马尼亚,0.00,3,0.49,4,0.37,0.75,0,0,,15.183,0,0.10
2026-01-21,智利,0.00,2,0.62,9,0.14,0.3333,0,0,,26.106,0,0.10
2026-01-21,瑞典,0.00,1,1.15,3,0.38,1,0,0,,3.7743,0,0.38
2026-01-21,爱尔兰,0.00,1,1.11,4,0.28,0.75,0,0,,3.721,0,0.14
2026-01-21,柬埔寨,0.00,2,0.46,4,0.23,0,0,0,,,0,0.10
2026-01-21,孟加拉国,0.00,7,0.13,3,0.31,0,0,0,,,0,0.03
2026-01-21,土耳其,0.00,1,0.85,6,0.14,0.6667,0,0,,14.689,0,0.12
2026-01-21,马来西亚,0.00,2,0.42,4,0.21,0.75,0,0,,17.697,0,0.17
2026-01-21,乌兹别克斯坦,0.00,1,0.57,5,0.11,0.6,0,0,,7.4653,0,0.09
2026-01-21,秘鲁,0.00,2,0.27,3,0.18,0.6667,1,0.3333,0.00,24.194,0.5,0.07
2026-01-21,印度尼西亚,0.00,5,0.10,2,0.26,0.5,0,0,,21.207,0,0.02
2026-01-21,厄瓜多尔,0.00,1,0.45,4,0.11,0.75,0,0,,113.8463,0,0.06
2026-01-21,沙特阿拉伯,0.00,1,0.44,2,0.22,1,0,0,,4.664,0,0.09
2026-01-21,巴基斯坦,0.00,5,0.08,3,0.14,0.6667,0,0,,9.5995,0,0.02
2026-01-21,乌拉圭,0.00,1,0.29,3,0.10,1,0,0,,8.0463,0,0.04
2026-01-21,波多黎各,0.00,1,0.27,2,0.14,1,0,0,,10.0055,0,0.03
2026-01-21,匈牙利,0.00,1,0.20,5,0.04,0,0,0,,,0,0.04
2026-01-21,拉脱维亚,0.00,1,0.08,1,0.08,0,0,0,,,0,0.01
2026-01-21,波兰,0.00,1,0.05,2,0.02,1,0,0,,49.426,0,0.02
2026-01-21,委内瑞拉,0.00,2,0.00,0,,,0,,,,0,0.00
2026-01-21,巴拿马,0.00,1,0.00,0,,,0,,,,0,0.00
2026-01-21,新西兰,0.00,1,0.00,0,,,0,,,,0,0.00
2026-01-21,叙利亚,0.00,1,0.00,0,,,0,,,,0,0.00
2026-01-22,中国,0.00,41,0.12,48,0.10,0.7708,0,0,,39.1651,0,0.02
2026-01-22,智利,0.00,3,1.53,6,0.77,0.6667,0,0,,29.594,0,0.33
2026-01-22,南非,0.00,1,3.24,6,0.54,0.3333,0,0,,1.9605,0,0.54
2026-01-22,泰国,0.00,2,1.49,8,0.37,0.5,0,0,,5.7213,0,0.27
2026-01-22,爱尔兰,0.00,2,1.25,4,0.63,1,0,0,,13.6905,0,0.28
2026-01-22,马来西亚,0.00,4,0.58,14,0.17,0.6429,0,0,,65.7359,0,0.08
2026-01-22,墨西哥,0.00,4,0.58,12,0.19,0.4167,0,0,,43.6362,0,0.09
2026-01-22,亚美尼亚,0.00,3,0.58,7,0.25,0.8571,0,0,,19.1472,0,0.13
2026-01-22,瑞典,0.00,2,0.81,7,0.23,0.5714,0,0,,8.2103,0,0.10
2026-01-22,秘鲁,0.00,2,0.80,5,0.32,0.8,0,0,,17.9625,0,0.16
2026-01-22,罗马尼亚,0.00,2,0.76,8,0.19,0.625,0,0,,30.016,0,0.11
2026-01-22,新西兰,0.00,2,0.74,4,0.37,0.25,0,0,,26.534,0,0.19
2026-01-22,台湾,0.00,2,0.72,10,0.14,0.4,0,0,,4.7477,0,0.11
2026-01-22,波兰,0.00,2,0.63,8,0.16,0.375,0,0,,,0,0.09
2026-01-22,巴基斯坦,0.00,13,0.08,8,0.13,0.875,0,0,,9.2379,0,0.02
2026-01-22,斯里兰卡,0.00,2,0.49,4,0.24,0.75,0,0,,,0,0.11
2026-01-22,阿拉伯联合酋长国,0.00,5,0.20,3,0.33,1,0,0,,9.1125,0,0.04
2026-01-22,格鲁吉亚,0.00,3,0.26,6,0.13,1,0,0,,5.7225,0,0.06
2026-01-22,斯洛伐克,0.00,1,0.65,4,0.16,1,0,0,,36.0877,0,0.06
2026-01-22,马尔代夫,0.00,1,0.60,2,0.30,1,0,0,,5.13,0,0.07
2026-01-22,印度尼西亚,0.00,2,0.30,2,0.30,1,0,0,,,0,0.05
2026-01-22,孟加拉国,0.00,2,0.20,3,0.14,1,0,0,,9.9197,0,0.04
2026-01-22,意大利,0.00,1,0.38,3,0.13,0.6667,0,0,,,0,0.13
2026-01-22,坦桑尼亚,0.00,1,0.34,2,0.17,1,0,0,,,0,0.04
2026-01-22,黎巴嫩,0.00,1,0.34,2,0.17,0.5,0,0,,1.134,0,0.05
2026-01-22,塞尔维亚,0.00,1,0.26,3,0.09,0.6667,0,0,,16.5525,0,0.07
2026-01-22,尼日利亚,0.00,1,0.25,2,0.12,0.5,0,0,,6.882,0,0.03
2026-01-22,尼泊尔,0.00,2,0.10,2,0.10,1,0,0,,71.843,0,0.02
2026-01-22,芬兰,0.00,1,0.12,2,0.06,1,0,0,,40.9025,0,0.02
2026-01-22,肯尼亚,0.00,1,0.07,1,0.07,0,0,0,,,0,0.02
2026-01-22,香港,0.00,2,0.00,1,0.01,1,0,0,,4.101,0,0.00
2026-01-22,阿根廷,0.00,1,0.00,0,,,0,,,,0,0.00
2026-01-22,俄罗斯,0.00,1,0.00,0,,,0,,,,0,0.00
2026-01-22,摩洛哥,0.00,1,0.00,0,,,0,,,,0,0.00
2026-01-22,日本,0.00,1,0.00,0,,,0,,,,0,0.00
2026-01-22,伊拉克,0.00,1,0.00,0,,,0,,,,0,0.00
2026-01-22,越南,0.00,1,0.00,0,,,0,,,,0,0.00
2026-01-23,菲律宾,0.00,5,0.83,20,0.21,0.6,0,0,,3.6159,0,0.12
2026-01-23,瑞士,0.00,3,1.37,6,0.68,0.8333,0,0,,77.793,0,0.24
2026-01-23,葡萄牙,0.00,2,1.75,11,0.32,0.5455,0,0,,,0,0.29
2026-01-23,塞尔维亚,0.00,5,0.56,26,0.11,0.5,0,0,,17.8263,0,0.09
2026-01-23,墨西哥,0.00,3,0.81,12,0.20,0.5833,0,0,,6.3715,0,0.13
2026-01-23,蒙古,0.00,10,0.20,17,0.12,0.8824,0,0,,13.6503,0,0.04
2026-01-23,泰国,0.00,2,0.97,10,0.19,0.5,0,0,,3.3825,0,0.13
2026-01-23,新加坡,0.00,1,1.75,5,0.35,0,0,0,,,0,0.29
2026-01-23,香港,0.00,1,1.60,4,0.40,1,0,0,,2.1005,0,0.40
2026-01-23,韩国,0.00,2,0.73,10,0.15,0.6,0,0,,65.6558,0,0.09
2026-01-23,巴西,0.00,2,0.66,8,0.16,0.5,0,0,,9.192,0,0.08
2026-01-23,孟加拉国,0.00,7,0.17,10,0.12,0.5,0,0,,2.8198,0,0.03
2026-01-23,吉尔吉斯斯坦,0.00,1,0.99,4,0.25,0.5,0,0,,2.707,0,0.12
2026-01-23,中国,0.00,16,0.05,9,0.09,0.8889,0,0,,25.0332,0,0.01
2026-01-23,阿塞拜疆,0.00,1,0.71,4,0.18,0.75,0,0,,,0,0.10
2026-01-23,马来西亚,0.00,3,0.17,4,0.13,0.5,0,0,,4.1045,0,0.07
2026-01-23,斯里兰卡,0.00,4,0.13,3,0.17,0.3333,0,0,,,0,0.02
2026-01-23,捷克,0.00,1,0.36,3,0.12,1,0,0,,8.6687,0,0.05
2026-01-23,阿拉伯联合酋长国,0.00,1,0.27,2,0.13,0.5,0,0,,9.85,0,0.03
2026-01-23,厄瓜多尔,0.00,2,0.11,3,0.07,1,0,0,,129.968,0,0.02
2026-01-23,越南,0.00,1,0.18,2,0.09,0.5,0,0,,77.82,0,0.03
2026-01-23,阿尔及利亚,0.00,1,0.13,1,0.13,0,0,0,,,0,0.03
2026-01-23,秘鲁,0.00,1,0.11,1,0.11,1,0,0,,3.255,0,0.03
2026-01-23,爱尔兰,0.00,0,,1,0.07,0,0,0,,,,0.07
2026-01-23,哥伦比亚,0.00,3,0.00,0,,,0,,,,0,0.00
2026-01-23,澳大利亚,0.00,2,0.00,0,,,0,,,,0,0.00
2026-01-23,印度尼西亚,0.00,2,0.00,0,,,0,,,,0,0.00
2026-01-23,阿根廷,0.00,1,0.00,0,,,0,,,,0,0.00
2026-01-23,格鲁吉亚,0.00,1,0.00,0,,,0,,,,0,0.00
2026-01-23,摩洛哥,0.00,1,0.00,0,,,0,,,,0,0.00
2026-01-24,博茨瓦纳,0.00,7,0.70,15,0.33,0.7333,0,0,,13.9373,0,0.20
2026-01-24,菲律宾,0.00,47,0.09,28,0.14,0.6786,0,0,,9.1392,0,0.02
2026-01-24,马来西亚,0.00,1,3.33,4,0.83,0.5,0,0,,31.6435,0,0.30
2026-01-24,中国,0.00,21,0.11,21,0.11,0.7143,0,0,,40.3505,0,0.02
2026-01-24,捷克,0.00,1,2.18,4,0.54,0.25,0,0,,,0,0.54
2026-01-24,黑山,0.00,1,2.05,6,0.34,0.1667,0,0,,3.589,0,0.26
2026-01-24,智利,0.00,3,0.52,4,0.39,0.5,0,0,,52.312,0,0.13
2026-01-24,泰国,0.00,5,0.30,10,0.15,0.6667,0,0,,6.9435,0,0.06
2026-01-24,香港,0.00,1,1.49,4,0.37,0.5,1,0.25,0.00,1.998,1,0.30
2026-01-24,南非,0.00,1,1.33,5,0.27,0.4,0,0,,,0,0.17
2026-01-24,日本,0.00,1,1.04,4,0.26,1,0,0,,,0,0.21
2026-01-24,哥伦比亚,0.00,1,1.02,4,0.26,1,0,0,,47.8892,0,0.13
2026-01-24,孟加拉国,0.00,3,0.32,6,0.16,1,0,0,,4.45,0,0.05
2026-01-24,蒙古,0.00,2,0.40,4,0.20,0.75,0,0,,139.7655,0,0.12
2026-01-24,印度尼西亚,0.00,5,0.15,7,0.11,0.5,0,0,,10.309,0,0.03
2026-01-24,西班牙,0.00,1,0.67,1,0.67,1,0,0,,4.707,0,0.17
2026-01-24,斯里兰卡,0.00,2,0.28,5,0.11,0.8,0,0,,8.3697,0,0.04
2026-01-24,法国,0.00,2,0.23,2,0.23,0.5,0,0,,12.873,0,0.07
2026-01-24,巴基斯坦,0.00,1,0.42,2,0.21,0.5,0,0,,,0,0.07
2026-01-24,柬埔寨,0.00,3,0.12,2,0.18,1,0,0,,20.856,0,0.03
2026-01-24,越南,0.00,3,0.12,4,0.09,0.75,0,0,,5.648,0,0.03
2026-01-24,萨尔瓦多,0.00,1,0.32,7,0.05,0.1429,0,0,,,0,0.04
2026-01-24,秘鲁,0.00,1,0.28,2,0.14,1,0,0,,5.0145,0,0.04
2026-01-24,韩国,0.00,1,0.22,3,0.07,1,0,0,,5.725,0,0.03
2026-01-24,卡塔尔,0.00,1,0.10,1,0.10,1,0,0,,21.104,0,0.02
2026-01-24,墨西哥,0.00,0,,1,0.09,1,0,0,,1.438,,0.09
2026-01-24,阿拉伯联合酋长国,0.00,1,0.00,0,,,0,,,,0,0.00
2026-01-24,玻利维亚,0.00,1,0.00,0,,,0,,,,0,0.00
2026-01-25,西班牙,0.00,4,1.20,21,0.23,0.619,0,0,,105.9341,0,0.21
2026-01-25,巴基斯坦,0.00,18,0.25,13,0.35,1,0,0,,7.6183,0,0.06
2026-01-25,日本,0.00,3,1.15,13,0.27,0.3077,0,0,,19.3435,0,0.18
2026-01-25,中国,0.00,19,0.15,19,0.15,0.6842,0,0,,75.2834,0,0.03
2026-01-25,加拿大,0.00,3,0.88,7,0.38,0.5714,0,0,,4.19,0,0.16
2026-01-25,哥伦比亚,0.00,5,0.42,12,0.17,0.75,0,0,,6.2621,0,0.06
2026-01-25,以色列,0.00,2,0.96,8,0.24,0.5,0,0,,,0,0.18
2026-01-25,英国,0.00,3,0.62,8,0.23,0.5,0,0,,72.0798,0,0.19
2026-01-25,比利时,0.00,3,0.52,11,0.14,0.5455,0,0,,15.5788,0,0.11
2026-01-25,波兰,0.00,2,0.74,6,0.25,0.8333,0,0,,5.9842,0,0.10
2026-01-25,科威特,0.00,1,1.43,5,0.29,1,0,0,,,0,0.18
2026-01-25,葡萄牙,0.00,1,1.22,2,0.61,0,0,0,,,0,0.24
2026-01-25,格鲁吉亚,0.00,1,0.83,4,0.21,1,0,0,,8.485,0,0.14
2026-01-25,乌拉圭,0.00,4,0.19,6,0.13,1,0,0,,60.2485,0,0.05
2026-01-25,奥地利,0.00,2,0.32,10,0.06,0.3,0,0,,34.9463,0,0.05
2026-01-25,荷兰,0.00,1,0.61,1,0.61,1,0,0,,1.856,0,0.15
2026-01-25,约旦,0.00,2,0.27,4,0.13,0.75,0,0,,17.1143,0,0.08
2026-01-25,塞浦路斯,0.00,1,0.47,3,0.16,1,0,0,,19.6213,0,0.12
2026-01-25,孟加拉国,0.00,1,0.42,2,0.21,0.5,0,0,,2.269,0,0.05
2026-01-25,菲律宾,0.00,3,0.14,6,0.07,0.5,0,0,,5.6407,0,0.03
2026-01-25,越南,0.00,4,0.09,3,0.12,1,0,0,,26.886,0,0.02
2026-01-25,玻利维亚,0.00,1,0.30,3,0.10,1,0,0,,26.0005,0,0.04
2026-01-25,印度尼西亚,0.00,4,0.06,3,0.09,0.6667,0,0,,17.6045,0,0.02
2026-01-25,南非,0.00,1,0.18,1,0.18,,0,0,,,0,0.06
2026-01-25,希腊,0.00,1,0.15,1,0.15,1,0,0,,5.195,0,0.03
2026-01-25,委内瑞拉,0.00,1,0.10,2,0.05,0,0,0,,,0,0.01
2026-01-25,阿根廷,0.00,1,0.00,0,,,0,,,,0,0.00
2026-01-25,尼泊尔,0.00,1,0.00,0,,,0,,,,0,0.00
2026-01-25,伊拉克,0.00,1,0.00,0,,,0,,,,0,0.00
2026-01-26,马来西亚,0.00,12,0.41,16,0.31,0.5,0,0,,9.4507,0,0.08
2026-01-26,加拿大,0.00,3,1.36,10,0.41,0.6,0,0,,29.576,0,0.31
2026-01-26,澳大利亚,0.00,2,1.52,4,0.76,1,0,0,,5.524,0,0.38
2026-01-26,巴基斯坦,0.00,10,0.30,17,0.18,0.7647,0,0,,69.4233,0,0.06
2026-01-26,乌克兰,0.00,4,0.71,8,0.35,0.625,0,0,,47.57,0,0.12
2026-01-26,卡塔尔,0.00,1,2.67,4,0.67,,0,0,,,0,0.38
2026-01-26,日本,0.00,5,0.51,7,0.36,0.4286,1,0.1429,0.00,44.726,0.2,0.12
2026-01-26,瑞士,0.00,4,0.60,9,0.26,0.8889,0,0,,68.8744,0,0.13
2026-01-26,阿拉伯联合酋长国,0.00,1,1.82,4,0.46,0.75,0,0,,5.582,0,0.23
2026-01-26,巴林,0.00,2,0.85,3,0.57,0.6667,0,0,,,0,0.17
2026-01-26,印度尼西亚,0.00,7,0.24,12,0.14,0.8333,0,0,,37.6523,0,0.04
2026-01-26,越南,0.00,4,0.35,5,0.28,0.2,0,0,,2.078,0,0.10
2026-01-26,丹麦,0.00,1,1.26,3,0.42,0,0,0,,,0,0.25
2026-01-26,葡萄牙,0.00,1,1.22,4,0.30,0.75,0,0,,9.7257,0,0.24
2026-01-26,墨西哥,0.00,1,1.03,3,0.34,0.6667,0,0,,10.9945,0,0.15
2026-01-26,瑞典,0.00,1,1.02,8,0.13,0.75,0,0,,31.777,0,0.13
2026-01-26,孟加拉国,0.00,4,0.23,6,0.16,0.6667,0,0,,4.5735,0,0.05
2026-01-26,秘鲁,0.00,1,0.75,6,0.12,0.6667,0,0,,,0,0.12
2026-01-26,斯里兰卡,0.00,4,0.17,5,0.14,0.8,0,0,,17.9067,0,0.03
2026-01-26,泰国,0.00,8,0.08,5,0.12,0.8,0,0,,2.5693,0,0.03
2026-01-26,蒙古,0.00,3,0.19,5,0.12,1,0,0,,7.5127,0,0.04
2026-01-26,土耳其,0.00,1,0.57,2,0.29,1,0,0,,,0,0.29
2026-01-26,阿根廷,0.00,2,0.27,5,0.11,0.4,0,0,,6.2735,0,0.03
2026-01-26,马耳他,0.00,2,0.21,3,0.14,1,0,0,,4.1245,0,0.14
2026-01-26,委内瑞拉,0.00,3,0.14,5,0.08,1,0,0,,20.6645,0,0.02
2026-01-26,荷兰,0.00,1,0.29,3,0.10,1,0,0,,11.312,0,0.04
2026-01-26,菲律宾,0.00,2,0.13,3,0.09,1,0,0,,7.53,0,0.02
2026-01-26,意大利,0.00,3,0.09,3,0.09,1,0,0,,25.7893,0,0.02
2026-01-26,保加利亚,0.00,1,0.19,1,0.19,1,0,0,,,0,0.05
2026-01-26,马尔代夫,0.00,1,0.19,2,0.10,0,0,0,,,0,0.04
2026-01-26,沙特阿拉伯,0.00,1,0.19,1,0.19,0,0,0,,,0,0.06
2026-01-26,卢森堡,0.00,1,0.13,1,0.13,0,0,0,,,0,0.02
2026-01-26,马达加斯加,0.00,2,0.05,1,0.10,1,0,0,,,0,0.01
2026-01-26,文莱,0.00,3,0.02,1,0.06,1,0,0,,3.436,0,0.00
2026-01-26,哥伦比亚,0.00,1,0.01,1,0.01,1,0,0,,,0,0.00
2026-01-26,尼泊尔,0.00,2,0.00,0,,,0,,,,0,0.00
2026-01-26,新加坡,0.00,2,0.00,0,,,0,,,,0,0.00
2026-01-26,柬埔寨,0.00,1,0.00,0,,,0,,,,0,0.00
2026-01-26,尼日利亚,0.00,1,0.00,0,,,0,,,,0,0.00
2026-01-26,危地马拉,0.00,1,0.00,0,,,0,,,,0,0.00
2026-01-26,智利,0.00,1,0.00,0,,,0,,,,0,0.00
2026-01-27,沙特阿拉伯,0.00,2,2.01,7,0.57,0.4286,0,0,,4.512,0,0.40
2026-01-27,卢森堡,0.00,1,3.74,3,1.25,0.3333,0,0,,98.261,0,0.75
2026-01-27,菲律宾,0.00,11,0.28,29,0.11,0.5862,0,0,,37.8108,0,0.06
2026-01-27,罗马尼亚,0.00,5,0.61,18,0.17,0.5,0,0,,15.332,0,0.09
2026-01-27,巴基斯坦,0.00,4,0.74,10,0.30,0.8,0,0,,30.9385,0,0.12
2026-01-27,泰国,0.00,7,0.40,17,0.16,0.7647,0,0,,13.5763,0,0.08
2026-01-27,以色列,0.00,1,2.79,7,0.40,0.1429,0,0,,,0,0.35
2026-01-27,荷兰,0.00,2,1.25,9,0.28,0.4444,0,0,,15.691,0,0.21
2026-01-27,新加坡,0.00,5,0.45,8,0.28,0.375,0,0,,3.594,0,0.09
2026-01-27,法国,0.00,1,2.21,6,0.37,1,0,0,,11.0308,0,0.25
2026-01-27,土耳其,0.00,3,0.73,7,0.31,0.7143,0,0,,3.643,0,0.20
2026-01-27,哥伦比亚,0.00,3,0.71,7,0.31,0.8571,0,0,,21.5488,0,0.19
2026-01-27,匈牙利,0.00,1,2.10,4,0.53,1,0,0,,21.5338,0,0.26
2026-01-27,博茨瓦纳,0.00,1,2.02,4,0.50,1,0,0,,26.9585,0,0.29
2026-01-27,拉脱维亚,0.00,1,1.90,4,0.48,0.75,0,0,,,0,0.27
2026-01-27,意大利,0.00,2,0.94,15,0.13,0.9091,0,0,,17.8983,0,0.10
2026-01-27,蒙古,0.00,6,0.30,11,0.16,0.9091,0,0,,6.0718,0,0.05
2026-01-27,越南,0.00,11,0.15,17,0.10,0.7059,0,0,,59.7416,0,0.03
2026-01-27,奥地利,0.00,4,0.37,9,0.16,0.6667,0,0,,22.4932,0,0.09
2026-01-27,香港,0.00,1,1.42,3,0.47,1,0,0,,91.7173,0,0.28
2026-01-27,孟加拉国,0.00,5,0.26,6,0.22,0.3333,0,0,,17.223,0,0.07
2026-01-27,亚美尼亚,0.00,2,0.56,5,0.23,0.4,0,0,,180,0,0.10
2026-01-27,乌兹别克斯坦,0.00,3,0.25,6,0.13,0.6667,0,0,,6.54,0,0.03
2026-01-27,阿塞拜疆,0.00,3,0.25,6,0.12,0.5,0,0,,3.809,0,0.07
2026-01-27,黎巴嫩,0.00,3,0.20,5,0.12,1,0,0,,31.8302,0,0.03
2026-01-27,尼日利亚,0.00,1,0.55,1,0.55,1,0,0,,33.172,0,0.08
2026-01-27,摩洛哥,0.00,3,0.17,2,0.26,,0,0,,,0,0.04
2026-01-27,瑞士,0.00,1,0.39,5,0.08,0.4,0,0,,,0,0.07
2026-01-27,委内瑞拉,0.00,3,0.13,6,0.06,0.8333,0,0,,,0,0.02
2026-01-27,巴西,0.00,1,0.22,2,0.11,1,0,0,,1.547,0,0.02
2026-01-27,韩国,0.00,1,0.14,1,0.14,0,0,0,,,0,0.07
2026-01-27,津巴布韦,0.00,1,0.14,1,0.14,1,0,0,,161.594,0,0.02
2026-01-27,阿根廷,0.00,1,0.12,2,0.06,0,0,0,,,0,0.01
2026-01-27,保加利亚,0.00,1,0.10,2,0.05,0.5,0,0,,1.352,0,0.02
2026-01-27,肯尼亚,0.00,2,0.04,1,0.09,0,0,0,,,0,0.01
2026-01-27,南非,0.00,2,0.04,1,0.08,0,0,0,,,0,0.02
2026-01-27,巴林,0.00,1,0.06,1,0.06,1,0,0,,7.298,0,0.01
2026-01-27,玻利维亚,0.00,1,0.00,0,,,0,,,,0,0.00
2026-01-28,菲律宾,0.00,7,0.66,17,0.27,0.6471,0,0,,64.0133,0,0.10
2026-01-28,巴基斯坦,0.00,11,0.38,17,0.25,0.5882,0,0,,14.2383,0,0.07
2026-01-28,印度,0.00,22,0.19,27,0.16,0.8148,0,0,,18.4211,0,0.04
2026-01-28,印度尼西亚,0.00,15,0.26,21,0.19,0.85,0,0,,42.1321,0,0.05
2026-01-28,匈牙利,0.00,2,1.64,11,0.30,0.5455,0,0,,22.0993,0,0.30
2026-01-28,荷兰,0.00,2,1.47,5,0.59,0.4,0,0,,,0,0.27
2026-01-28,阿拉伯联合酋长国,0.00,3,0.98,11,0.27,0.7273,1,0.0909,0.00,6.7409,0.3333,0.15
2026-01-28,秘鲁,0.00,7,0.42,20,0.15,0.5,0,0,,38.5268,0,0.07
2026-01-28,香港,0.00,2,1.01,4,0.51,0.5,0,0,,19.688,0,0.23
2026-01-28,日本,0.00,2,0.98,8,0.25,0.875,0,0,,74.5675,0,0.12
2026-01-28,瑞士,0.00,1,1.80,7,0.26,0.7143,0,0,,,0,0.22
2026-01-28,法国,0.00,3,0.59,17,0.10,0.3077,0,0,,6.3887,0,0.09
2026-01-28,巴拉圭,0.00,1,1.55,4,0.39,1,1,0.25,0.00,22.3792,1,0.26
2026-01-28,多米尼加共和国,0.00,3,0.47,8,0.18,1,0,0,,9.3524,0,0.09
2026-01-28,哥伦比亚,0.00,3,0.41,6,0.21,0.8333,0,0,,5.1846,0,0.11
2026-01-28,孟加拉国,0.00,4,0.27,3,0.36,0.6667,0,0,,21.7955,0,0.08
2026-01-28,越南,0.00,8,0.13,13,0.08,0.8462,0,0,,138.2788,0,0.02
2026-01-28,乌克兰,0.00,1,1.01,3,0.34,0.6667,0,0,,3.027,0,0.14
2026-01-28,台湾,0.00,2,0.50,5,0.20,1,0,0,,,0,0.08
2026-01-28,波兰,0.00,3,0.25,8,0.09,0.875,0,0,,5.7422,0,0.04
2026-01-28,奥地利,0.00,2,0.33,3,0.22,0,0,0,,,0,0.07
2026-01-28,泰国,0.00,2,0.32,5,0.13,1,0,0,,6.7326,0,0.04
2026-01-28,阿尔及利亚,0.00,2,0.30,4,0.15,0.75,1,0.25,0.00,10.0117,0.5,0.06
2026-01-28,意大利,0.00,1,0.58,2,0.29,1,0,0,,,0,0.07
2026-01-28,柬埔寨,0.00,2,0.27,6,0.09,0.3333,0,0,,4.9895,0,0.05
2026-01-28,丹麦,0.00,1,0.47,3,0.16,0.3333,0,0,,8.498,0,0.07
2026-01-28,土耳其,0.00,1,0.35,3,0.12,1,0,0,,6.547,0,0.04
2026-01-28,乌拉圭,0.00,1,0.31,1,0.31,0,0,0,,,0,0.16
2026-01-28,比利时,0.00,1,0.29,3,0.10,0.6667,0,0,,14.9165,0,0.05
2026-01-28,爱尔兰,0.00,3,0.08,3,0.08,1,0,0,,40.1413,0,0.03
2026-01-28,新西兰,0.00,1,0.23,2,0.12,0,0,0,,,0,0.06
2026-01-28,韩国,0.00,1,0.20,1,0.20,1,0,0,,10.121,0,0.05
2026-01-28,多哥,0.00,1,0.15,1,0.15,0,0,0,,,0,0.02
2026-01-28,厄瓜多尔,0.00,1,0.14,5,0.03,0.6,0,0,,20.0937,0,0.02
2026-01-28,新加坡,0.00,2,0.00,0,,,0,,,,0,0.00
2026-01-28,阿根廷,0.00,1,0.00,0,,,0,,,,0,0.00
2026-01-28,波斯尼亚和黑塞哥维那,0.00,1,0.00,0,,,0,,,,0,0.00
2026-01-28,蒙古,0.00,1,0.00,0,,,0,,,,0,0.00
2026-01-28,乌兹别克斯坦,0.00,1,0.00,0,,,0,,,,0,0.00
2026-01-29,菲律宾,0.00,9,0.51,20,0.23,0.6316,0,0,,21.263,0,0.08
2026-01-29,芬兰,0.00,3,1.47,8,0.55,0.375,0,0,,6.553,0,0.28
2026-01-29,挪威,0.00,1,4.07,4,1.02,1,0,0,,7.839,0,1.02
2026-01-29,波兰,0.00,2,1.99,4,1.00,0.75,0,0,,168.167,0,0.44
2026-01-29,巴西,0.00,3,1.23,13,0.28,0.6154,0,0,,29.1283,0,0.23
2026-01-29,澳大利亚,0.00,2,1.79,5,0.72,0.5,0,0,,,0,0.33
2026-01-29,韩国,0.00,3,0.94,6,0.47,0.2,0,0,,2.432,0,0.22
2026-01-29,斯洛伐克,0.00,1,2.66,3,0.89,0.6667,0,0,,,0,0.38
2026-01-29,土耳其,0.00,5,0.53,11,0.24,0.7273,0,0,,79.8109,0,0.14
2026-01-29,荷兰,0.00,2,1.31,9,0.29,0.2222,0,0,,2.5505,0,0.19
2026-01-29,匈牙利,0.00,1,2.46,2,1.23,1,0,0,,2.838,0,0.62
2026-01-29,丹麦,0.00,2,1.22,10,0.24,0.6,0,0,,29.8328,0,0.22
2026-01-29,以色列,0.00,4,0.60,13,0.18,0.4615,0,0,,16.278,0,0.13
2026-01-29,巴基斯坦,0.00,7,0.33,13,0.18,0.7692,0,0,,11.0217,0,0.06
2026-01-29,马来西亚,0.00,3,0.75,5,0.45,0.4,0,0,,8.944,0,0.16
2026-01-29,中国,0.00,35,0.06,15,0.14,0.7333,0,0,,35.3243,0,0.01
2026-01-29,台湾,0.00,4,0.43,5,0.34,1,0,0,,57.9654,0,0.14
2026-01-29,越南,0.00,5,0.25,21,0.06,0.5238,0,0,,9.427,0,0.04
2026-01-29,马耳他,0.00,2,0.55,6,0.18,1,0,0,,15.2743,0,0.07
2026-01-29,南非,0.00,2,0.43,7,0.12,0.8571,0,0,,50.6463,0,0.05
2026-01-29,孟加拉国,0.00,6,0.14,6,0.14,0.8333,0,0,,95.1942,0,0.02
2026-01-29,哥伦比亚,0.00,2,0.41,6,0.14,1,0,0,,33.3405,0,0.07
2026-01-29,墨西哥,0.00,2,0.39,9,0.09,0.7778,0,0,,18.3797,0,0.05
2026-01-29,捷克,0.00,1,0.64,3,0.21,0.3333,0,0,,2.03,0,0.16
2026-01-29,乌克兰,0.00,3,0.21,2,0.32,1,0,0,,11.0305,0,0.07
2026-01-29,罗马尼亚,0.00,3,0.21,7,0.09,0.5714,0,0,,4.9173,0,0.04
2026-01-29,意大利,0.00,1,0.61,2,0.31,1,0,0,,14.7375,0,0.09
2026-01-29,格鲁吉亚,0.00,3,0.17,5,0.10,0.6,0,0,,12.41,0,0.04
2026-01-29,泰国,0.00,2,0.25,4,0.13,0.75,0,0,,1.107,0,0.07
2026-01-29,埃及,0.00,2,0.22,6,0.07,0.5,0,0,,11.575,0,0.06
2026-01-29,玻利维亚,0.00,1,0.24,2,0.12,,0,0,,,0,0.03
2026-01-29,马尔代夫,0.00,3,0.08,3,0.08,0,0,0,,,0,0.02
2026-01-29,香港,0.00,1,0.23,1,0.23,1,0,0,,9.478,0,0.03
2026-01-29,印度尼西亚,0.00,5,0.04,2,0.10,0.5,0,0,,2.695,0,0.01
2026-01-29,津巴布韦,0.00,2,0.09,2,0.09,1,0,0,,60.216,0,0.01
2026-01-29,斯里兰卡,0.00,1,0.15,1,0.15,1,0,0,,5.719,0,0.05
2026-01-29,肯尼亚,0.00,1,0.14,2,0.07,1,0,0,,48.249,0,0.07
2026-01-29,阿根廷,0.00,1,0.08,1,0.08,1,0,0,,,0,0.01
2026-01-29,阿尔及利亚,0.00,1,0.00,0,,,0,,,,0,0.00
2026-01-29,巴勒斯坦,0.00,1,0.00,0,,,0,,,,0,0.00
2026-01-29,尼泊尔,0.00,1,0.00,0,,,0,,,,0,0.00
2026-01-30,土耳其,0.00,10,0.48,25,0.19,0.52,0,0,,65.4368,0,0.09
2026-01-30,南非,0.00,5,0.69,17,0.20,0.4706,0,0,,16.2718,0,0.17
2026-01-30,阿根廷,0.00,2,1.61,6,0.54,0.8,0,0,,18.496,0,0.21
2026-01-30,菲律宾,0.00,7,0.35,15,0.16,0.4667,0,0,,44.1416,0,0.08
2026-01-30,亚美尼亚,0.00,3,0.79,9,0.26,0.5556,0,0,,89.1737,0,0.15
2026-01-30,比利时,0.00,2,1.17,5,0.47,0.8,0,0,,4.171,0,0.21
2026-01-30,哥伦比亚,0.00,1,2.00,6,0.33,0.5,0,0,,3.2927,0,0.22
2026-01-30,韩国,0.00,3,0.63,12,0.16,0.8333,0,0,,11.2426,0,0.09
2026-01-30,阿拉伯联合酋长国,0.00,3,0.45,4,0.34,0.75,0,0,,62.4347,0,0.14
2026-01-30,瑞士,0.00,2,0.65,13,0.10,0.4615,0,0,,14.3083,0,0.09
2026-01-30,越南,0.00,4,0.32,15,0.09,0.4615,0,0,,10.6,0,0.06
2026-01-30,坦桑尼亚,0.00,2,0.64,5,0.26,1,0,0,,16.3198,0,0.16
2026-01-30,白俄罗斯,0.00,2,0.64,3,0.43,1,0,0,,12.772,0,0.16
2026-01-30,印度尼西亚,0.00,3,0.42,5,0.25,0.4,0,0,,7.6585,0,0.08
2026-01-30,泰国,0.00,1,1.11,4,0.28,0.5,0,0,,,0,0.19
2026-01-30,格鲁吉亚,0.00,2,0.43,4,0.21,1,0,0,,17.542,0,0.12
2026-01-30,新加坡,0.00,1,0.84,1,0.84,1,0,0,,6.291,0,0.84
2026-01-30,巴基斯坦,0.00,4,0.20,6,0.13,0.1667,0,0,,11.66,0,0.03
2026-01-30,爱尔兰,0.00,1,0.79,2,0.40,1,0,0,,,0,0.20
2026-01-30,丹麦,0.00,3,0.22,6,0.11,1,0,0,,16.0217,0,0.04
2026-01-30,卡塔尔,0.00,2,0.32,7,0.09,0.5714,0,0,,,0,0.06
2026-01-30,瑞典,0.00,1,0.53,7,0.08,0.5714,0,0,,31.3912,0,0.08
2026-01-30,多米尼加共和国,0.00,1,0.50,3,0.17,1,0,0,,23.1343,0,0.07
2026-01-30,哥斯达黎加,0.00,1,0.28,3,0.09,0,0,0,,,0,0.05
2026-01-30,突尼斯,0.00,1,0.20,2,0.10,1,0,0,,,0,0.03
2026-01-30,乌克兰,0.00,3,0.06,2,0.09,0.5,0,0,,17.944,0,0.03
2026-01-30,塞尔维亚,0.00,1,0.18,1,0.18,1,0,0,,18.41,0,0.05
2026-01-30,斯里兰卡,0.00,1,0.17,1,0.17,1,0,0,,5.692,0,0.02
2026-01-30,秘鲁,0.00,1,0.14,1,0.14,1,0,0,,40.607,0,0.02
2026-01-30,罗马尼亚,0.00,1,0.12,1,0.12,0,0,0,,,0,0.04
2026-01-30,孟加拉国,0.00,2,0.04,1,0.09,0,0,0,,,0,0.01
2026-01-30,科索沃,0.00,1,0.07,1,0.07,1,0,0,,7.402,0,0.02
2026-01-30,埃及,0.00,1,0.03,4,0.01,1,0,0,,5.707,0,0.00
2026-01-30,俄罗斯,0.00,1,0.00,0,,,0,,,,0,0.00
2026-01-30,危地马拉,0.00,1,0.00,0,,,0,,,,0,0.00
2026-01-30,委内瑞拉,0.00,1,0.00,0,,,0,,,,0,0.00
2026-01-31,南非,0.00,2,2.21,7,0.63,0.2857,0,0,,4.708,0,0.40
2026-01-31,英国,0.00,4,0.91,8,0.46,0.4286,0,0,,10.4963,0,0.18
2026-01-31,西班牙,0.00,6,0.49,19,0.15,0.3889,0,0,,5.605,0,0.12
2026-01-31,埃及,0.00,9,0.26,14,0.17,0.5714,0,0,,37.3292,0,0.13
2026-01-31,科威特,0.00,3,0.76,6,0.38,1,0,0,,13.3483,0,0.19
2026-01-31,奥地利,0.00,1,2.04,7,0.29,0.8571,0,0,,15.2572,0,0.23
2026-01-31,阿塞拜疆,0.00,4,0.49,9,0.22,0.8889,1,0.1111,0.00,2.9482,0.25,0.14
2026-01-31,新加坡,0.00,1,1.81,3,0.60,0,0,0,,,0,0.36
2026-01-31,拉脱维亚,0.00,2,0.75,6,0.25,0.3333,0,0,,20.018,0,0.12
2026-01-31,荷兰,0.00,1,1.39,7,0.20,0.1429,0,0,,17.761,0,0.17
2026-01-31,法国,0.00,2,0.50,4,0.25,0.5,0,0,,10.29,0,0.10
2026-01-31,波兰,0.00,1,0.99,4,0.25,0,0,0,,,0,0.14
2026-01-31,泰国,0.00,1,0.94,2,0.47,1,0,0,,12.2295,0,0.13
2026-01-31,秘鲁,0.00,2,0.26,3,0.17,0.6667,0,0,,55.1905,0,0.04
2026-01-31,孟加拉国,0.00,3,0.15,2,0.23,0.5,1,0.5,0.00,2.998,0.3333,0.04
2026-01-31,巴基斯坦,0.00,6,0.07,4,0.10,0.5,0,0,,9.4335,0,0.01
2026-01-31,土耳其,0.00,2,0.17,3,0.11,0.3333,0,0,,,0,0.04
2026-01-31,爱尔兰,0.00,1,0.22,1,0.22,1,0,0,,,0,0.03
2026-01-31,委内瑞拉,0.00,1,0.17,5,0.03,0,0,0,,,0,0.01
2026-01-31,韩国,0.00,1,0.17,4,0.04,0.75,0,0,,25.803,0,0.02
2026-01-31,阿拉伯联合酋长国,0.00,2,0.06,1,0.11,0,0,0,,,0,0.03
2026-01-31,越南,0.00,1,0.11,3,0.04,1,0,0,,25.429,0,0.02
2026-01-31,津巴布韦,0.00,0,,1,0.11,,0,0,,,,0.11
2026-01-31,塞浦路斯,0.00,1,0.10,2,0.05,1,0,0,,2.615,0,0.02
2026-01-31,伊朗,0.00,2,0.04,1,0.09,0,0,0,,,0,0.01
2026-01-31,格鲁吉亚,0.00,0,,1,0.09,0,0,0,,,,0.09
2026-01-31,柬埔寨,0.00,2,0.03,1,0.06,1,0,0,,2.842,0,0.01
2026-01-31,巴西,0.00,2,0.00,0,,,0,,,,0,0.00
2026-01-31,厄瓜多尔,0.00,1,0.00,0,,,0,,,,0,0.00
2026-01-31,香港,0.00,1,0.00,0,,,0,,,,0,0.00
2026-02-01,墨西哥,0.00,3,1.60,9,0.53,0.7778,0,0,,,0,0.25
2026-02-01,印度,0.00,15,0.25,22,0.17,0.8636,0,0,,22.0562,0,0.05
2026-02-01,越南,0.00,3,1.04,7,0.45,0.7143,0,0,,48.5915,0,0.22
2026-02-01,德国,0.00,2,1.45,7,0.41,1,0,0,,14.9179,0,0.36
2026-02-01,波兰,0.00,2,1.42,3,0.95,0.6667,0,0,,3.127,0,0.20
2026-02-01,瑞典,0.00,3,0.83,15,0.17,0.2,0,0,,12.1143,0,0.16
2026-02-01,爱尔兰,0.00,1,2.44,2,1.22,0.5,0,0,,10.579,0,0.49
2026-02-01,马来西亚,0.00,3,0.66,12,0.16,0.5833,0,0,,10.7211,0,0.09
2026-02-01,葡萄牙,0.00,2,0.86,6,0.29,1,1,0.1667,0.00,26.2858,0.5,0.14
2026-02-01,中国,0.00,20,0.08,13,0.13,0.8462,0,0,,38.041,0,0.01
2026-02-01,法国,0.00,3,0.53,7,0.23,0.5714,0,0,,18.5093,0,0.11
2026-02-01,新加坡,0.00,1,1.53,2,0.76,0.5,0,0,,,0,0.38
2026-02-01,日本,0.00,1,1.51,5,0.30,0.4,0,0,,7.562,0,0.22
2026-02-01,香港,0.00,1,1.09,3,0.36,1,0,0,,180,0,0.16
2026-02-01,埃塞俄比亚,0.00,3,0.36,2,0.54,1,0,0,,1.255,0,0.05
2026-02-01,白俄罗斯,0.00,2,0.51,6,0.17,0.75,0,0,,9.6275,0,0.07
2026-02-01,摩尔多瓦,0.00,2,0.48,5,0.19,0.6,0,0,,5.0113,0,0.11
2026-02-01,新西兰,0.00,1,0.94,1,0.94,1,0,0,,8.302,0,0.47
2026-02-01,捷克,0.00,1,0.82,3,0.27,1,0,0,,31.8893,0,0.10
2026-02-01,委内瑞拉,0.00,4,0.14,5,0.12,0.6,0,0,,3.049,0,0.03
2026-02-01,荷兰,0.00,1,0.55,4,0.14,1,0,0,,141.5775,0,0.14
2026-02-01,乌克兰,0.00,1,0.54,6,0.09,0.3333,0,0,,,0,0.09
2026-02-01,吉尔吉斯斯坦,0.00,1,0.41,3,0.14,1,0,0,,3.2667,0,0.05
2026-02-01,芬兰,0.00,2,0.16,3,0.11,0.3333,0,0,,11.494,0,0.03
2026-02-01,巴基斯坦,0.00,5,0.06,3,0.10,0.3333,0,0,,7.124,0,0.01
2026-02-01,约旦,0.00,1,0.26,4,0.06,0,0,0,,,0,0.04
2026-02-01,突尼斯,0.00,1,0.26,2,0.13,1,0,0,,,0,0.04
2026-02-01,哥伦比亚,0.00,1,0.23,1,0.23,1,0,0,,,0,0.06
2026-02-01,孟加拉国,0.00,1,0.21,2,0.11,0.5,0,0,,,0,0.03
2026-02-01,危地马拉,0.00,0,,1,0.18,1,0,0,,2.758,,0.18
2026-02-01,印度尼西亚,0.00,1,0.14,1,0.14,0,0,0,,,0,0.04
2026-02-01,伊朗,0.00,1,0.10,1,0.10,1,0,0,,1.882,0,0.01
2026-02-01,菲律宾,0.00,3,0.01,3,0.01,0.6667,0,0,,43.697,0,0.00
2026-02-01,泰国,0.00,2,0.00,0,,,0,,,,0,0.00
2026-02-01,阿尔及利亚,0.00,1,0.00,0,,,0,,,,0,0.00
2026-02-01,阿根廷,0.00,1,0.00,0,,,0,,,,0,0.00
2026-02-01,巴西,0.00,1,0.00,0,,,0,,,,0,0.00
2026-02-01,黎巴嫩,0.00,1,0.00,0,,,0,,,,0,0.00
2026-02-01,缅甸,0.00,1,0.00,0,,,0,,,,0,0.00
2026-02-01,南非,0.00,1,0.00,0,,,0,,,,0,0.00
2026-02-02,巴基斯坦,0.00,4,0.98,10,0.39,0.4286,0,0,,5.164,0,0.16
2026-02-02,比利时,0.00,3,1.30,13,0.30,0.1667,0,0,,30.4725,0,0.21
2026-02-02,土耳其,0.00,2,1.29,9,0.29,0.5556,0,0,,3.4636,0,0.18
2026-02-02,马来西亚,0.00,7,0.33,23,0.10,0.6957,0,0,,57.861,0,0.05
2026-02-02,日本,0.00,8,0.28,24,0.09,0.5,0,0,,32.4503,0,0.04
2026-02-02,新加坡,0.00,3,0.68,3,0.68,1,0,0,,61.4085,0,0.51
2026-02-02,以色列,0.00,1,2.03,2,1.02,0.5,0,0,,2.411,0,0.51
2026-02-02,阿根廷,0.00,8,0.25,37,0.05,0.6486,1,0.027,0.00,27.4327,0.125,0.04
2026-02-02,爱沙尼亚,0.00,4,0.49,11,0.18,0.9091,1,0.0909,0.00,80.8421,0.25,0.09
2026-02-02,台湾,0.00,1,1.94,5,0.39,0.8,0,0,,36.6265,0,0.39
2026-02-02,澳大利亚,0.00,1,1.94,3,0.65,0.3333,0,0,,9.073,0,0.39
2026-02-02,乌拉圭,0.00,4,0.42,5,0.34,1,0,0,,11.7374,0,0.08
2026-02-02,南非,0.00,1,1.61,5,0.32,0.6,0,0,,28.5747,0,0.20
2026-02-02,捷克,0.00,1,1.36,2,0.68,0.5,0,0,,4.109,0,0.68
2026-02-02,越南,0.00,3,0.44,9,0.15,0.5556,0,0,,7.2636,0,0.07
2026-02-02,波兰,0.00,2,0.64,14,0.09,0.7857,0,0,,18.7222,0,0.08
2026-02-02,新西兰,0.00,1,1.20,3,0.40,0.6667,0,0,,13.6775,0,0.17
2026-02-02,哥伦比亚,0.00,1,1.01,4,0.25,,0,0,,,0,0.13
2026-02-02,葡萄牙,0.00,1,0.95,5,0.19,0.4,0,0,,7.0185,0,0.12
2026-02-02,孟加拉国,0.00,9,0.09,6,0.13,0.8333,0,0,,7.4818,0,0.02
2026-02-02,埃塞俄比亚,0.00,1,0.70,6,0.12,0.6667,0,0,,,0,0.09
2026-02-02,瑞典,0.00,1,0.68,5,0.14,0.2,0,0,,1.279,0,0.14
2026-02-02,缅甸,0.00,2,0.34,3,0.23,0.6667,1,0.3333,0.00,16.335,0.5,0.17
2026-02-02,尼日利亚,0.00,2,0.30,3,0.20,0.6667,0,0,,,0,0.07
2026-02-02,秘鲁,0.00,1,0.52,3,0.17,0.6667,0,0,,,0,0.07
2026-02-02,科索沃,0.00,1,0.49,3,0.16,1,0,0,,29.0417,0,0.06
2026-02-02,韩国,0.00,1,0.48,6,0.08,0.3333,0,0,,17.4925,0,0.08
2026-02-02,伊拉克,0.00,3,0.15,4,0.11,0.75,0,0,,15.6043,0,0.03
2026-02-02,奥地利,0.00,2,0.19,3,0.13,1,0,0,,,0,0.04
2026-02-02,意大利,0.00,1,0.36,3,0.12,1,0,0,,14.8483,0,0.09
2026-02-02,科威特,0.00,2,0.10,2,0.10,1,0,0,,16.289,0,0.03
2026-02-02,菲律宾,0.00,4,0.03,1,0.14,1,0,0,,1.688,0,0.01
2026-02-02,斯洛文尼亚,0.00,1,0.13,1,0.13,1,0,0,,41.064,0,0.01
2026-02-02,马达加斯加,0.00,1,0.10,1,0.10,1,0,0,,,0,0.01
2026-02-02,智利,0.00,1,0.02,1,0.02,1,0,0,,55.948,0,0.00
2026-02-02,印度尼西亚,0.00,5,0.00,0,,,0,,,,0,0.00
2026-02-02,斯里兰卡,0.00,2,0.00,0,,,0,,,,0,0.00
2026-02-02,黎巴嫩,0.00,1,0.00,0,,,0,,,,0,0.00
2026-02-02,约旦,0.00,1,0.00,0,,,0,,,,0,0.00
2026-02-03,新加坡,0.00,1,4.53,5,0.91,0.8,0,0,,2.618,0,0.91
2026-02-03,中国,0.00,44,0.08,39,0.09,0.6923,0,0,,26.507,0,0.01
2026-02-03,墨西哥,0.00,1,3.60,3,1.20,0,0,0,,,0,0.51
2026-02-03,智利,0.00,1,3.20,4,0.80,1,0,0,,20.0663,0,0.80
2026-02-03,瑞典,0.00,2,1.29,3,0.86,0.6667,0,0,,16.956,0,0.51
2026-02-03,以色列,0.00,1,2.30,5,0.46,0.4,0,0,,,0,0.33
2026-02-03,奥地利,0.00,2,1.06,7,0.30,0.5714,0,0,,17.4895,0,0.27
2026-02-03,巴基斯坦,0.00,18,0.12,18,0.12,0.6667,0,0,,16.3475,0,0.02
2026-02-03,比利时,0.00,2,1.00,7,0.29,0.7143,0,0,,102.466,0,0.13
2026-02-03,沙特阿拉伯,0.00,1,1.61,7,0.23,0.4286,0,0,,8.734,0,0.20
2026-02-03,波兰,0.00,3,0.51,6,0.25,0.5,0,0,,,0,0.11
2026-02-03,菲律宾,0.00,9,0.16,10,0.14,0.5,0,0,,16.8585,0,0.02
2026-02-03,荷兰,0.00,3,0.47,4,0.35,1,0,0,,44.577,0,0.12
2026-02-03,印度尼西亚,0.00,6,0.21,5,0.25,1,0,0,,2.6175,0,0.05
2026-02-03,白俄罗斯,0.00,5,0.25,8,0.16,1,0,0,,6.6185,0,0.05
2026-02-03,泰国,0.00,3,0.36,7,0.15,0.8571,0,0,,14.2607,0,0.05
2026-02-03,巴西,0.00,1,1.05,4,0.26,1,0,0,,70.6102,0,0.13
2026-02-03,意大利,0.00,3,0.33,14,0.07,0.5714,0,0,,24.134,0,0.05
2026-02-03,越南,0.00,6,0.16,8,0.12,1,0,0,,11.2994,0,0.03
2026-02-03,摩洛哥,0.00,3,0.30,8,0.11,0.625,0,0,,25.386,0,0.06
2026-02-03,马来西亚,0.00,3,0.20,6,0.10,0.8333,0,0,,7.8624,0,0.03
2026-02-03,摩纳哥,0.00,3,0.19,2,0.28,1,0,0,,6.7545,0,0.28
2026-02-03,孟加拉国,0.00,5,0.11,3,0.19,0.5,0,0,,1.433,0,0.03
2026-02-03,哥伦比亚,0.00,1,0.39,2,0.19,0.5,0,0,,,0,0.10
2026-02-03,希腊,0.00,2,0.19,4,0.10,1,0,0,,3.3573,0,0.03
2026-02-03,肯尼亚,0.00,1,0.36,2,0.18,0.5,0,0,,2.078,0,0.06
2026-02-03,委内瑞拉,0.00,2,0.18,3,0.12,1,0,0,,24.4537,0,0.04
2026-02-03,匈牙利,0.00,1,0.34,1,0.34,1,0,0,,,0,0.05
2026-02-03,阿尔及利亚,0.00,3,0.09,3,0.09,1,0,0,,13.0943,0,0.04
2026-02-03,阿根廷,0.00,4,0.07,3,0.09,0.6667,0,0,,,0,0.01
2026-02-03,斯里兰卡,0.00,5,0.03,2,0.08,0.5,0,0,,2.192,0,0.01
2026-02-03,保加利亚,0.00,1,0.15,1,0.15,1,0,0,,11.419,0,0.02
2026-02-03,韩国,0.00,1,0.09,1,0.09,1,0,0,,3.736,0,0.02
2026-02-03,芬兰,0.00,1,0.06,1,0.06,1,0,0,,4.278,0,0.01
2026-02-03,尼泊尔,0.00,2,0.00,0,,,0,,,,0,0.00
2026-02-03,圭亚那,0.00,1,0.00,0,,,0,,,,0,0.00
2026-02-03,乌克兰,0.00,1,0.00,0,,,0,,,,0,0.00
2026-02-04,越南,0.00,2,2.46,10,0.49,0.3333,0,0,,4.786,0,0.35
2026-02-04,乌克兰,0.00,4,1.19,16,0.30,0.5,0,0,,4.2431,0,0.20
2026-02-04,韩国,0.00,2,1.53,12,0.26,0.5,0,0,,9.406,0,0.26
2026-02-04,肯尼亚,0.00,1,2.88,4,0.72,0.75,0,0,,,0,0.48
2026-02-04,哥伦比亚,0.00,4,0.72,11,0.26,0.3636,0,0,,,0,0.15
2026-02-04,捷克,0.00,2,1.12,10,0.22,0.7,0,0,,26.9547,0,0.20
2026-02-04,菲律宾,0.00,6,0.36,13,0.17,0.8462,0,0,,7.9645,0,0.05
2026-02-04,比利时,0.00,3,0.70,11,0.19,0.6364,0,0,,24.597,0,0.13
2026-02-04,新加坡,0.00,2,0.66,6,0.22,0.5,0,0,,1.2377,0,0.16
2026-02-04,蒙古,0.00,3,0.41,4,0.31,1,0,0,,5.64,0,0.09
2026-02-04,南非,0.00,1,1.21,6,0.20,0.8333,0,0,,73.9586,0,0.15
2026-02-04,香港,0.00,1,1.17,3,0.39,1,0,0,,3.6983,0,0.17
2026-02-04,巴基斯坦,0.00,13,0.08,13,0.08,0.5833,0,0,,9.3311,0,0.02
2026-02-04,爱尔兰,0.00,2,0.51,3,0.34,0.6667,0,0,,12.589,0,0.13
2026-02-04,孟加拉国,0.00,7,0.14,8,0.12,0.375,1,0.125,0.00,3.6967,0.1429,0.03
2026-02-04,沙特阿拉伯,0.00,3,0.32,4,0.24,0.6667,0,0,,8.778,0,0.05
2026-02-04,马来西亚,0.00,4,0.24,4,0.24,0.5,0,0,,42.318,0,0.05
2026-02-04,巴西,0.00,3,0.31,3,0.31,0.3333,0,0,,27.09,0,0.06
2026-02-04,缅甸,0.00,1,0.91,2,0.46,1,0,0,,30.5525,0,0.15
2026-02-04,丹麦,0.00,2,0.44,5,0.18,0.6,0,0,,13.065,0,0.06
2026-02-04,罗马尼亚,0.00,1,0.84,2,0.42,0,0,0,,,0,0.12
2026-02-04,瑞典,0.00,2,0.40,6,0.13,0.5,0,0,,14.0103,0,0.06
2026-02-04,乌拉圭,0.00,2,0.39,4,0.20,0.75,0,0,,,0,0.10
2026-02-04,印度尼西亚,0.00,7,0.11,9,0.08,0.6667,0,0,,8.6488,0,0.02
2026-02-04,乌兹别克斯坦,0.00,1,0.63,5,0.13,0.6,0,0,,,0,0.11
2026-02-04,以色列,0.00,2,0.29,4,0.15,1,0,0,,13.5565,0,0.06
2026-02-04,秘鲁,0.00,1,0.54,4,0.14,1,0,0,,84.5973,0,0.07
2026-02-04,波兰,0.00,1,0.51,2,0.26,0.5,0,0,,2.277,0,0.13
2026-02-04,日本,0.00,1,0.50,2,0.25,1,0,0,,21.18,0,0.06
2026-02-04,澳大利亚,0.00,1,0.45,3,0.15,1,0,0,,,0,0.15
2026-02-04,阿根廷,0.00,4,0.09,3,0.12,1,0,0,,48.0215,0,0.01
2026-02-04,摩尔多瓦,0.00,1,0.35,2,0.18,,0,0,,,0,0.06
2026-02-04,泰国,0.00,2,0.10,2,0.10,1,0,0,,15.9295,0,0.02
2026-02-04,尼泊尔,0.00,3,0.05,1,0.15,0,0,0,,,0,0.01
2026-02-04,意大利,0.00,1,0.11,3,0.04,0,0,0,,,0,0.02
2026-02-04,保加利亚,0.00,1,0.10,1,0.10,1,0,0,,2.349,0,0.02
2026-02-04,黎巴嫩,0.00,1,0.10,1,0.10,0,0,0,,,0,0.02
2026-02-04,斯里兰卡,0.00,1,0.10,1,0.10,0,0,0,,,0,0.02
2026-02-04,伊朗,0.00,2,0.04,1,0.08,1,0,0,,2.067,0,0.01
2026-02-04,克罗地亚,0.00,1,0.08,1,0.08,1,0,0,,,0,0.02
2026-02-04,埃塞俄比亚,0.00,2,0.03,1,0.06,1,0,0,,2.918,0,0.01
2026-02-04,波斯尼亚和黑塞哥维那,0.00,3,0.01,5,0.01,1,0,0,,18.2817,0,0.00
2026-02-04,厄瓜多尔,0.00,1,0.02,3,0.01,1,0,0,,30.2143,0,0.00
2026-02-04,哥斯达黎加,0.00,1,0.00,0,,,0,,,,0,0.00
2026-02-04,加纳,0.00,1,0.00,0,,,0,,,,0,0.00
2026-02-04,塞尔维亚,0.00,1,0.00,0,,,0,,,,0,0.00
2026-02-04,特立尼达和多巴哥,0.00,1,0.00,0,,,0,,,,0,0.00
2026-02-04,伊拉克,0.00,1,0.00,0,,,0,,,,0,0.00
2026-02-05,希腊,0.00,2,2.30,14,0.33,0.7857,0,0,,15.9152,0,0.33
2026-02-05,新加坡,0.00,6,0.67,13,0.31,0.6923,0,0,,40.1556,0,0.12
2026-02-05,罗马尼亚,0.00,1,3.39,5,0.68,0,0,0,,,0,0.68
2026-02-05,法国,0.00,2,1.58,8,0.40,0.75,0,0,,22.434,0,0.23
2026-02-05,斯洛文尼亚,0.00,2,1.48,12,0.25,0.6667,0,0,,9.8596,0,0.16
2026-02-05,土耳其,0.00,4,0.72,10,0.29,0.7,0,0,,9.449,0,0.14
2026-02-05,韩国,0.00,4,0.70,20,0.14,0.5,0,0,,16.2054,0,0.13
2026-02-05,意大利,0.00,3,0.81,4,0.61,1,0,0,,27.9168,0,0.27
2026-02-05,菲律宾,0.00,11,0.21,17,0.14,0.4286,0,0,,12.4047,0,0.04
2026-02-05,匈牙利,0.00,1,2.28,3,0.76,1,0,0,,18.4007,0,0.33
2026-02-05,摩尔多瓦,0.00,1,2.18,3,0.73,1,0,0,,,0,0.31
2026-02-05,葡萄牙,0.00,2,1.08,8,0.27,0.5,0,0,,1.376,0,0.14
2026-02-05,克罗地亚,0.00,1,2.01,8,0.25,0.5,0,0,,4.1535,0,0.22
2026-02-05,奥地利,0.00,2,0.98,5,0.39,0.25,0,0,,2.479,0,0.18
2026-02-05,巴基斯坦,0.00,4,0.47,6,0.31,0.8333,0,0,,13.3642,0,0.12
2026-02-05,智利,0.00,4,0.40,4,0.40,0.5,0,0,,,0,0.11
2026-02-05,越南,0.00,6,0.24,12,0.12,0.75,0,0,,5.0967,0,0.05
2026-02-05,沙特阿拉伯,0.00,1,1.36,7,0.19,0.5714,0,0,,,0,0.15
2026-02-05,印度尼西亚,0.00,6,0.21,5,0.25,0.4,0,0,,4.526,0,0.04
2026-02-05,孟加拉国,0.00,3,0.38,3,0.38,0.6667,0,0,,10.7695,0,0.08
2026-02-05,波兰,0.00,1,1.07,3,0.36,0.6667,0,0,,,0,0.18
2026-02-05,南非,0.00,3,0.35,4,0.26,,0,0,,,0,0.06
2026-02-05,瑞典,0.00,1,0.89,6,0.15,0.8333,0,0,,9.9684,0,0.13
2026-02-05,泰国,0.00,3,0.25,5,0.15,1,0,0,,14.8056,0,0.05
2026-02-05,苏里南,0.00,1,0.61,4,0.15,0.75,0,0,,7.8977,0,0.08
2026-02-05,日本,0.00,2,0.25,5,0.10,1,0,0,,41.687,0,0.04
2026-02-05,埃及,0.00,4,0.11,6,0.08,0.3333,0,0,,7.811,0,0.02
2026-02-05,厄瓜多尔,0.00,3,0.14,5,0.08,0.2,0,0,,2.498,0,0.02
2026-02-05,台湾,0.00,0,,1,0.39,0,0,0,,,,0.39
2026-02-05,萨尔瓦多,0.00,1,0.28,2,0.14,1,0,0,,74.9685,0,0.05
2026-02-05,伊拉克,0.00,1,0.27,4,0.07,1,0,0,,,0,0.05
2026-02-05,哥伦比亚,0.00,2,0.07,1,0.14,0,0,0,,,0,0.02
2026-02-05,阿拉伯联合酋长国,0.00,2,0.03,1,0.06,1,0,0,,11.32,0,0.01
2026-02-05,阿尔及利亚,0.00,1,0.03,1,0.03,1,0,0,,11.875,0,0.02
2026-02-05,阿根廷,0.00,1,0.00,0,,,0,,,,0,0.00
2026-02-06,阿鲁巴,0.00,4,1.01,15,0.27,0.7333,0,0,,16.8693,0,0.14
2026-02-06,巴西,0.00,4,1.00,10,0.40,0.9,0,0,,13.3367,0,0.17
2026-02-06,荷兰,0.00,2,1.87,5,0.75,0.4,0,0,,4.152,0,0.42
2026-02-06,捷克,0.00,1,3.67,6,0.61,0.3333,0,0,,,0,0.52
2026-02-06,新加坡,0.00,3,0.98,6,0.49,0.5,0,0,,8.8273,0,0.18
2026-02-06,台湾,0.00,6,0.49,12,0.24,0.4167,0,0,,1.236,0,0.07
2026-02-06,澳大利亚,0.00,3,0.80,9,0.27,0.5556,0,0,,38.938,0,0.15
2026-02-06,智利,0.00,2,1.16,6,0.39,0.5,0,0,,6.303,0,0.19
2026-02-06,法国,0.00,4,0.53,11,0.19,0.4545,0,0,,75.71,0,0.07
2026-02-06,马来西亚,0.00,6,0.26,14,0.11,0.7857,0,0,,32.0774,0,0.04
2026-02-06,莫桑比克,0.00,4,0.35,3,0.47,0.3333,0,0,,1.891,0,0.11
2026-02-06,阿塞拜疆,0.00,3,0.46,7,0.20,0.8571,0,0,,3.004,0,0.07
2026-02-06,摩洛哥,0.00,2,0.61,9,0.14,0.7778,0,0,,4.1861,0,0.09
2026-02-06,阿根廷,0.00,2,0.60,6,0.20,0.8333,0,0,,4.836,0,0.09
2026-02-06,印度尼西亚,0.00,4,0.19,5,0.15,0.8,0,0,,17.9065,0,0.03
2026-02-06,波兰,0.00,1,0.72,6,0.12,0.5,0,0,,8.8297,0,0.10
2026-02-06,沙特阿拉伯,0.00,2,0.35,4,0.17,0.75,0,0,,25.575,0,0.09
2026-02-06,萨尔瓦多,0.00,2,0.30,2,0.30,1,0,0,,2.975,0,0.05
2026-02-06,韩国,0.00,1,0.48,4,0.12,0.75,0,0,,15.564,0,0.05
2026-02-06,牙买加,0.00,1,0.43,2,0.22,1,0,0,,5.756,0,0.07
2026-02-06,亚美尼亚,0.00,1,0.42,2,0.21,0.5,0,0,,1.622,0,0.05
2026-02-06,菲律宾,0.00,1,0.38,3,0.13,1,0,0,,,0,0.03
2026-02-06,罗马尼亚,0.00,2,0.19,6,0.06,0.8333,0,0,,,0,0.03
2026-02-06,越南,0.00,3,0.11,2,0.16,1,0,0,,20.4845,0,0.02
2026-02-06,哥斯达黎加,0.00,1,0.24,3,0.08,1,0,0,,,0,0.05
2026-02-06,格鲁吉亚,0.00,1,0.22,2,0.11,1,0,0,,,0,0.04
2026-02-06,巴基斯坦,0.00,4,0.04,1,0.17,1,0,0,,8.991,0,0.01
2026-02-06,墨西哥,0.00,1,0.15,2,0.07,1,0,0,,7.158,0,0.02
2026-02-06,比利时,0.00,1,0.14,2,0.07,1,0,0,,14.752,0,0.02
2026-02-06,日本,0.00,3,0.03,1,0.09,1,0,0,,5.268,0,0.00
2026-02-06,缅甸,0.00,2,0.04,1,0.09,1,0,0,,,0,0.01
2026-02-06,埃及,0.00,2,0.04,1,0.08,0,0,0,,,0,0.01
2026-02-06,土耳其,0.00,1,0.01,1,0.01,0,0,0,,,0,0.00
2026-02-06,秘鲁,0.00,2,0.00,0,,,0,,,,0,0.00
2026-02-06,阿尔巴尼亚,0.00,1,0.00,0,,,0,,,,0,0.00
2026-02-06,阿尔及利亚,0.00,1,0.00,0,,,0,,,,0,0.00
2026-02-06,保加利亚,0.00,1,0.00,0,,,0,,,,0,0.00
2026-02-06,俄罗斯,0.00,1,0.00,0,,,0,,,,0,0.00
2026-02-06,哥伦比亚,0.00,1,0.00,0,,,0,,,,0,0.00
2026-02-06,孟加拉国,0.00,1,0.00,0,,,0,,,,0,0.00
2026-02-06,新西兰,0.00,1,0.00,0,,,0,,,,0,0.00
2026-02-07,南非,0.00,2,2.01,11,0.37,0.8889,0,0,,,0,0.25
2026-02-07,意大利,0.00,6,0.60,18,0.20,0.1667,0,0,,,0,0.12
2026-02-07,孟加拉国,0.00,11,0.25,13,0.21,0.6923,0,0,,10.8164,0,0.05
2026-02-07,多米尼加共和国,0.00,1,2.22,4,0.55,0.75,0,0,,,0,0.44
2026-02-07,巴西,0.00,1,2.13,7,0.30,0.8571,0,0,,7.9285,0,0.27
2026-02-07,墨西哥,0.00,2,1.06,10,0.21,0.7,0,0,,4.2954,0,0.09
2026-02-07,危地马拉,0.00,1,2.02,5,0.40,0.25,0,0,,13.529,0,0.29
2026-02-07,菲律宾,0.00,5,0.38,11,0.17,0.7273,0,0,,11.6429,0,0.06
2026-02-07,阿尔及利亚,0.00,4,0.44,2,0.88,0.5,0,0,,2.193,0,0.13
2026-02-07,厄瓜多尔,0.00,5,0.29,7,0.21,0.5714,0,0,,11.4703,0,0.04
2026-02-07,乌兹别克斯坦,0.00,1,1.41,5,0.28,1,0,0,,,0,0.20
2026-02-07,哥伦比亚,0.00,3,0.46,6,0.23,1,0,0,,6.3766,0,0.05
2026-02-07,越南,0.00,4,0.33,12,0.11,0.6667,0,0,,20.3828,0,0.05
2026-02-07,乌克兰,0.00,2,0.53,6,0.18,0.8333,0,0,,4.5676,0,0.06
2026-02-07,伊拉克,0.00,2,0.39,9,0.09,0.5556,0,0,,25.5307,0,0.07
2026-02-07,博茨瓦纳,0.00,1,0.75,4,0.19,1,0,0,,38.476,0,0.11
2026-02-07,加拿大,0.00,1,0.70,1,0.70,1,0,0,,,0,0.18
2026-02-07,波兰,0.00,1,0.69,3,0.23,1,0,0,,,0,0.08
2026-02-07,肯尼亚,0.00,3,0.22,4,0.16,1,1,0.25,0.00,110.786,0.3333,0.04
2026-02-07,罗马尼亚,0.00,2,0.27,5,0.11,0.4,0,0,,1.623,0,0.03
2026-02-07,巴拿马,0.00,1,0.51,1,0.51,1,0,0,,,0,0.10
2026-02-07,哥斯达黎加,0.00,2,0.20,3,0.14,1,0,0,,56.665,0,0.03
2026-02-07,印度尼西亚,0.00,4,0.08,5,0.07,0.8,0,0,,9.3852,0,0.02
2026-02-07,巴基斯坦,0.00,1,0.32,3,0.11,0.6667,0,0,,10.4377,0,0.03
2026-02-07,巴勒斯坦,0.00,1,0.31,2,0.15,1,0,0,,2.315,0,0.04
2026-02-07,阿拉伯联合酋长国,0.00,1,0.20,2,0.10,0,0,0,,,0,0.03
2026-02-07,乌拉圭,0.00,1,0.13,2,0.06,1,0,0,,10.364,0,0.02
2026-02-07,俄罗斯,0.00,2,0.00,0,,,0,,,,0,0.00
2026-02-07,新加坡,0.00,2,0.00,0,,,0,,,,0,0.00
2026-02-07,埃及,0.00,1,0.00,0,,,0,,,,0,0.00
2026-02-07,秘鲁,0.00,1,0.00,0,,,0,,,,0,0.00
